Player,Career Span,Start,End,Matches_Played,Innings_Batted,Not_Outs,Runs_Scored,Highest_Innings_Score,Highest_Innings_Score_Num,Batting_Avg,Balls_Faced,Strike_Rate,100_Scored,50_Scored,Ducks,4sBoundary,6sBoundary,Country,RandX,RandY
EJG Morgan ,2009-2018,2009,2018,77,75,14,1734,85*,85,28.42,1320,131.36,0,9,3,129,77,England,693,461
AD Hales ,2011-2018,2011,2018,57,57,7,1605,116*,116,32.1,1178,136.24,1,8,4,171,52,England,882,603
JC Buttler ,2011-2018,2011,2018,66,58,11,1260,73*,73,26.8,912,138.15,0,7,3,102,53,England,1022,908
KP Pietersen ,2005-2013,2005,2013,37,36,5,1176,79,79,37.93,831,141.51,0,7,1,119,32,England,253,529
JE Root ,2012-2018,2012,2018,28,26,4,787,90*,90,35.77,612,128.59,0,4,1,80,16,England,623,967
LJ Wright ,2007-2014,2007,2014,51,45,5,759,99*,99,18.97,554,137,0,4,9,68,31,England,499,429
JJ Roy ,2014-2018,2014,2018,32,32,0,743,78,78,23.21,512,145.11,0,4,4,75,35,England,673,1075
RS Bopara ,2008-2014,2008,2014,38,35,10,711,65*,65,28.44,599,118.69,0,3,0,54,17,England,175,499
PD Collingwood ,2005-2011,2005,2011,35,33,2,583,79,79,18.8,459,127.01,0,3,3,37,24,England,837,73
MJ Lumb ,2010-2014,2010,2014,27,27,1,552,63,63,21.23,413,133.65,0,3,1,64,21,England,735,959
C Kieswetter ,2010-2012,2010,2012,25,25,1,526,63,63,21.91,470,111.91,0,3,2,47,23,England,906,83
JM Bairstow ,2011-2018,2011,2018,27,22,6,396,60*,60,24.75,315,125.71,0,2,1,33,15,England,923,245
OA Shah ,2007-2009,2007,2009,17,15,1,347,55*,55,24.78,284,122.18,0,1,0,26,13,England,1105,1034
DJ Malan ,2017-2018,2017,2018,5,5,0,250,78,78,50,166,150.6,0,4,0,26,11,England,804,300
MM Ali ,2014-2018,2014,2018,25,22,6,235,72*,72,14.68,198,118.68,0,1,6,21,9,England,406,480
BA Stokes ,2011-2018,2011,2018,23,20,5,232,38,38,15.46,178,130.33,0,0,1,20,9,England,771,860
TT Bresnan ,2006-2014,2006,2014,34,22,9,216,47*,47,16.61,170,127.05,0,0,3,16,6,England,537,387
SW Billings ,2015-2018,2015,2018,17,15,0,205,53,53,13.66,152,134.86,0,1,1,18,8,England,956,505
JM Vince ,2015-2018,2015,2018,7,7,0,194,46,46,27.71,165,117.57,0,0,0,20,5,England,342,113
SR Patel ,2011-2013,2011,2013,18,14,2,189,67,67,15.75,173,109.24,0,1,2,17,5,England,389,1077
IR Bell ,2006-2014,2006,2014,8,8,1,188,60*,60,26.85,163,115.33,0,1,0,23,2,England,561,251
CJ Jordan ,2014-2018,2014,2018,35,23,10,168,27*,27,12.92,144,116.66,0,0,2,12,7,England,1002,726
ME Trescothick ,2005-2006,2005,2006,3,3,0,166,72,72,55.33,131,126.71,0,2,0,23,1,England,686,731
DJ Willey ,2015-2018,2015,2018,24,17,5,152,29*,29,12.66,114,133.33,0,0,1,8,9,England,106,627
IJL Trott ,2007-2010,2007,2010,7,7,1,138,51,51,23,144,95.83,0,1,0,9,3,England,987,1096
MJ Prior ,2007-2010,2007,2010,10,8,2,127,32,32,21.16,100,127,0,0,1,11,5,England,760,857
AD Mascarenhas ,2007-2009,2007,2009,14,13,5,123,31,31,15.37,100,123,0,0,3,8,5,England,507,1041
SCJ Broad ,2006-2014,2006,2014,56,26,10,118,18*,18,7.37,118,100,0,0,2,7,3,England,1079,321
DL Maddy ,2007-2007,2007,2007,4,4,0,113,50,50,28.25,80,141.25,0,1,0,12,3,England,7,1052
GP Swann ,2008-2012,2008,2012,39,16,11,104,34,34,20.8,89,116.85,0,0,2,9,1,England,958,505
SM Davies ,2009-2011,2009,2011,5,5,0,102,33,33,20.4,82,124.39,0,0,0,12,0,England,727,293
MH Yardy ,2006-2011,2006,2011,14,8,5,96,35*,35,32,72,133.33,0,0,3,9,1,England,1089,747
CR Woakes ,2011-2015,2011,2015,8,7,4,91,37,37,30.33,63,144.44,0,0,1,4,5,England,780,1085
A Flintoff ,2005-2007,2005,2007,7,7,1,76,31,31,12.66,60,126.66,0,0,1,7,2,England,775,1040
VS Solanki ,2005-2007,2005,2007,3,3,0,76,43,43,25.33,61,124.59,0,0,0,10,1,England,741,1008
AJ Strauss ,2005-2009,2005,2009,4,4,0,73,33,33,18.25,64,114.06,0,0,1,9,0,England,1060,337
AN Cook ,2007-2009,2007,2009,4,4,0,61,26,26,15.25,54,112.96,0,0,0,10,0,England,625,600
JWM Dalrymple ,2006-2007,2006,2007,3,3,0,60,32,32,20,57,105.26,0,0,0,6,0,England,284,759
P Mustard ,2008-2008,2008,2008,2,2,0,60,40,40,30,37,162.16,0,0,0,5,4,England,20,119
AU Rashid ,2009-2018,2009,2018,33,14,8,47,9*,9,7.83,55,85.45,0,0,0,4,0,England,422,309
LE Plunkett ,2006-2018,2006,2018,20,11,4,42,18,18,6,34,123.52,0,0,3,3,1,England,660,436
JL Denly ,2009-2018,2009,2018,6,6,0,40,20,20,6.66,46,86.95,0,0,2,5,0,England,1110,273
JS Foster ,2009-2009,2009,2009,5,5,2,37,14*,14,12.33,32,115.62,0,0,0,0,1,England,215,935
GO Jones ,2005-2006,2005,2006,2,2,1,33,19,19,33,25,132,0,0,0,5,0,England,720,383
JC Tredwell ,2012-2014,2012,2014,17,6,3,32,22,22,10.66,20,160,0,0,1,4,1,England,601,307
PA Nixon ,2007-2007,2007,2007,1,1,1,31,31*,31,-,22,140.9,0,0,0,2,1,England,930,490
MP Vaughan ,2005-2007,2005,2007,2,2,0,27,27,27,13.5,22,122.72,0,0,1,4,0,England,720,854
JW Dernbach ,2011-2014,2011,2014,34,7,2,24,12,12,4.8,21,114.28,0,0,1,3,0,England,10,723
CP Schofield ,2007-2007,2007,2007,4,4,3,24,9*,9,24,20,120,0,0,0,2,0,England,620,1028
LA Dawson ,2016-2018,2016,2018,6,2,1,17,10,10,17,8,212.5,0,0,0,2,1,England,422,463
LS Livingstone ,2017-2017,2017,2017,2,2,0,16,16,16,8,19,84.21,0,0,1,1,0,England,384,899
SG Borthwick ,2011-2011,2011,2011,1,1,0,14,14,14,14,16,87.5,0,0,0,2,0,England,1021,589
ST Finn ,2011-2015,2011,2015,21,3,3,14,8*,8,-,19,73.68,0,0,0,1,0,England,48,293
CMW Read ,2006-2006,2006,2006,1,1,0,13,13,13,13,11,118.18,0,0,0,2,0,England,504,30
RWT Key ,2009-2009,2009,2009,1,1,1,10,10*,10,-,8,125,0,0,0,0,0,England,165,505
MA Wood ,2015-2018,2015,2018,4,2,2,10,5*,5,-,12,83.33,0,0,0,1,0,England,453,174
TK Curran ,2017-2018,2017,2018,7,3,2,8,6,6,8,6,133.33,0,0,0,0,1,England,184,620
MA Carberry ,2014-2014,2014,2014,1,1,0,7,7,7,7,7,100,0,0,0,1,0,England,901,426
JN Snape ,2007-2007,2007,2007,1,1,0,7,7,7,7,11,63.63,0,0,0,0,0,England,376,778
RJ Sidebottom ,2007-2010,2007,2010,18,1,1,5,5*,5,-,4,125,0,0,0,1,0,England,656,727
GJ Batty ,2009-2009,2009,2009,1,1,0,4,4,4,4,7,57.14,0,0,0,0,0,England,993,664
A Khan ,2009-2009,2009,2009,1,1,0,2,2,2,2,4,50,0,0,0,0,0,England,610,1055
RJ Kirtley ,2007-2007,2007,2007,1,1,1,2,2*,2,-,4,50,0,0,0,0,0,England,655,713
JM Anderson ,2007-2009,2007,2009,19,4,3,1,1*,1,1,2,50,0,0,1,0,0,England,696,124
EC Joyce ,2006-2007,2006,2007,2,1,0,1,1,1,1,3,33.33,0,0,0,0,0,England,504,433
J Lewis ,2005-2007,2005,2007,2,2,1,1,1,1,1,4,25,0,0,0,0,0,England,481,603
SI Mahmood ,2006-2009,2006,2009,4,2,2,1,1*,1,-,2,50,0,0,0,0,0,England,782,827
MS Panesar ,2007-2007,2007,2007,1,1,0,1,1,1,1,2,50,0,0,0,0,0,England,483,709
SD Parry ,2014-2015,2014,2015,5,1,0,1,1,1,1,1,100,0,0,0,0,0,England,10,649
RJW Topley ,2015-2016,2015,2016,6,1,1,1,1*,1,-,2,50,0,0,0,0,0,England,465,34
DR Briggs ,2012-2014,2012,2014,7,1,1,0,0*,0,-,0,-,0,0,0,0,0,England,396,887
TS Mills ,2016-2017,2016,2017,4,1,0,0,0,0,0,2,0,0,0,1,0,0,England,1002,606
A Shahzad ,2010-2011,2010,2011,3,1,1,0,0*,0,-,3,0,0,0,0,0,0,England,923,441
TR Ambrose ,2008-2008,2008,2008,1,-,-,-,-,-,-,-,-,-,-,-,-,-,England,662,379
JT Ball ,2018-2018,2018,2018,2,-,-,-,-,-,-,-,-,-,-,-,-,-,England,706,403
MS Crane ,2017-2017,2017,2017,2,-,-,-,-,-,-,-,-,-,-,-,-,-,England,167,1035
D Gough ,2005-2006,2005,2006,2,-,-,-,-,-,-,-,-,-,-,-,-,-,England,198,256
HF Gurney ,2014-2014,2014,2014,2,-,-,-,-,-,-,-,-,-,-,-,-,-,England,410,755
SJ Harmison ,2005-2006,2005,2006,2,-,-,-,-,-,-,-,-,-,-,-,-,-,England,278,711
SC Meaker ,2012-2012,2012,2012,2,-,-,-,-,-,-,-,-,-,-,-,-,-,England,956,738
WB Rankin ,2013-2013,2013,2013,2,-,-,-,-,-,-,-,-,-,-,-,-,-,England,1022,947
CT Tremlett ,2007-2007,2007,2007,1,-,-,-,-,-,-,-,-,-,-,-,-,-,England,788,414
DA Warner ,2009-2018,2009,2018,70,70,3,1792,90*,90,26.74,1279,140.1,0,13,5,172,79,Australia,1079,659
AJ Finch ,2011-2018,2011,2018,50,50,7,1663,172,172,38.67,1064,156.29,2,9,2,160,79,Australia,775,295
SR Watson ,2006-2016,2006,2016,58,56,6,1462,124*,124,29.24,1006,145.32,1,10,3,115,83,Australia,91,1021
GJ Maxwell ,2012-2018,2012,2018,57,51,8,1345,145*,145,31.27,859,156.57,2,5,1,113,67,Australia,128,1013
CL White ,2007-2014,2007,2014,47,44,14,984,85*,85,32.8,740,132.97,0,5,3,71,44,Australia,1034,802
DJ Hussey ,2008-2012,2008,2012,39,36,3,756,88*,88,22.9,623,121.34,0,3,4,41,34,Australia,166,471
MEK Hussey ,2005-2012,2005,2012,38,30,11,721,60*,60,37.94,529,136.29,0,4,1,58,25,Australia,841,141
DJM Short ,2018-2018,2018,2018,18,18,2,515,76,76,32.18,425,121.17,0,4,1,55,15,Australia,210,351
MJ Clarke ,2005-2010,2005,2010,34,28,5,488,67,67,21.21,473,103.17,0,1,2,29,10,Australia,272,510
GJ Bailey ,2012-2016,2012,2016,29,25,7,470,63,63,26.11,334,140.71,0,2,1,37,20,Australia,647,1029
SPD Smith ,2010-2016,2010,2016,30,25,5,431,90,90,21.55,352,122.44,0,2,1,34,11,Australia,86,208
BJ Haddin ,2006-2014,2006,2014,34,29,6,402,47,47,17.47,351,114.52,0,0,2,30,13,Australia,547,514
RT Ponting ,2005-2009,2005,2009,17,16,2,401,98*,98,28.64,302,132.78,0,2,2,41,11,Australia,1003,383
A Symonds ,2005-2009,2005,2009,14,11,4,337,85*,85,48.14,199,169.34,0,2,2,33,10,Australia,950,132
TM Head ,2016-2018,2016,2018,16,15,3,319,48*,48,26.58,245,130.2,0,0,0,19,10,Australia,1090,899
ML Hayden ,2005-2007,2005,2007,9,9,3,308,73*,73,51.33,214,143.92,0,4,0,37,13,Australia,7,957
CA Lynn ,2014-2018,2014,2018,18,16,1,291,44,44,19.4,221,131.67,0,0,1,28,14,Australia,111,622
AC Gilchrist ,2005-2008,2005,2008,13,13,1,272,48,48,22.66,192,141.66,0,0,0,27,13,Australia,648,785
SE Marsh ,2008-2016,2008,2016,15,15,1,255,47*,47,18.21,248,102.82,0,0,2,15,10,Australia,843,965
UT Khawaja ,2016-2016,2016,2016,9,9,0,241,58,58,26.77,182,132.41,0,1,0,31,5,Australia,302,327
MS Wade ,2011-2016,2011,2016,26,17,5,239,72,72,19.91,218,109.63,0,1,0,11,9,Australia,811,129
BJ Hodge ,2007-2014,2007,2014,15,11,4,183,36,36,26.14,144,127.08,0,0,0,9,7,Australia,95,329
MR Marsh ,2011-2018,2011,2018,11,11,3,175,36,36,21.87,151,115.89,0,0,0,7,9,Australia,684,960
JP Faulkner ,2012-2017,2012,2017,24,18,7,159,41*,41,14.45,138,115.21,0,0,0,7,5,Australia,46,201
MC Henriques ,2009-2017,2009,2017,11,8,3,159,62*,62,31.8,122,130.32,0,2,0,8,7,Australia,254,392
NM Coulter-Nile ,2013-2018,2013,2018,26,14,4,146,34,34,14.6,112,130.35,0,0,3,10,10,Australia,164,259
M Klinger ,2017-2017,2017,2017,3,3,0,143,62,62,47.66,112,127.67,0,1,0,12,2,Australia,764,350
AC Voges ,2007-2013,2007,2013,7,5,2,139,51,51,46.33,114,121.92,0,1,0,8,2,Australia,702,1096
MP Stoinis ,2015-2018,2015,2018,17,12,5,128,33*,33,18.28,101,126.73,0,0,1,13,2,Australia,605,1013
AT Carey ,2018-2018,2018,2018,19,13,4,125,37*,37,13.88,101,123.76,0,0,0,10,4,Australia,194,672
DR Martyn ,2005-2006,2005,2006,4,4,0,120,96,96,30,74,162.16,0,1,0,11,5,Australia,408,776
MG Johnson ,2007-2013,2007,2013,30,17,7,109,28*,28,10.9,95,114.73,0,0,2,8,3,Australia,1008,843
JR Hopes ,2005-2010,2005,2010,12,7,2,105,30,30,21,98,107.14,0,0,0,7,1,Australia,272,873
B Lee ,2005-2012,2005,2012,25,12,6,101,43*,43,16.83,71,142.25,0,0,2,9,4,Australia,961,364
BR Dunk ,2014-2017,2014,2017,5,5,0,99,32,32,19.8,69,143.47,0,0,0,8,6,Australia,924,428
AC Agar ,2016-2018,2016,2018,15,7,1,82,29,29,13.66,79,103.79,0,0,0,6,3,Australia,844,536
BR McDermott ,2018-2018,2018,2018,8,8,3,72,32*,32,14.4,76,94.73,0,0,2,5,2,Australia,847,803
SM Katich ,2005-2006,2005,2006,3,2,0,69,39,39,34.5,47,146.8,0,0,0,8,2,Australia,347,518
AJ Tye ,2016-2018,2016,2018,26,11,5,61,20,20,10.16,55,110.9,0,0,2,4,3,Australia,868,1095
GB Hogg ,2006-2014,2006,2014,15,4,0,55,41,41,13.75,39,141.02,0,0,0,3,3,Australia,851,317
TD Paine ,2009-2017,2009,2017,10,7,1,47,21,21,7.83,40,117.5,0,0,2,4,2,Australia,671,834
L Ronchi ,2008-2009,2008,2009,3,2,0,47,36,36,23.5,27,174.07,0,0,0,8,1,Australia,624,385
JW Hastings ,2010-2016,2010,2016,9,6,2,46,15,15,11.5,37,124.32,0,0,0,3,1,Australia,279,426
NJ Maddinson ,2013-2018,2013,2018,6,4,0,45,34,34,11.25,35,128.57,0,0,0,6,1,Australia,226,414
BCJ Cutting ,2013-2014,2013,2014,4,3,0,35,29,29,11.66,23,152.17,0,0,1,1,3,Australia,488,625
SNJ O'Keefe (2010-2011),2010-2011,2010,2011,7,5,0,32,22,22,6.4,26,123.07,0,0,0,4,1,Australia,1073,503
TR Birt ,2010-2012,2010,2012,4,3,0,31,17,17,10.33,33,93.93,0,0,0,3,1,Australia,261,298
PJ Cummins ,2011-2017,2011,2017,18,10,3,28,13,13,4,34,82.35,0,0,2,1,1,Australia,747,595
DT Christian ,2010-2017,2010,2017,16,7,3,27,9,9,6.75,28,96.42,0,0,1,2,0,Australia,923,491
AJ Turner ,2017-2017,2017,2017,3,3,0,26,18,18,8.66,21,123.8,0,0,0,1,0,Australia,128,60
PM Nevill ,2016-2016,2016,2016,9,5,4,25,10*,10,25,11,227.27,0,0,0,1,2,Australia,897,783
JN Gillespie ,2005-2005,2005,2005,1,1,0,24,24,24,24,18,133.33,0,0,0,4,0,Australia,773,439
A Zampa ,2016-2018,2016,2018,20,6,4,23,9,9,11.5,26,88.46,0,0,0,2,0,Australia,495,804
MJ North ,2009-2009,2009,2009,1,1,0,20,20,20,20,21,95.23,0,0,0,1,0,Australia,429,110
CJ McKay ,2010-2013,2010,2013,6,4,2,19,7,7,9.5,22,86.36,0,0,1,1,1,Australia,542,735
XJ Doherty ,2012-2013,2012,2013,11,4,3,18,9*,9,18,17,105.88,0,0,0,1,0,Australia,855,589
CJ Ferguson ,2009-2009,2009,2009,3,3,0,16,8,8,5.33,19,84.21,0,0,1,1,0,Australia,834,1004
DP Nannes ,2009-2010,2009,2010,15,4,3,16,12*,12,16,11,145.45,0,0,0,1,1,Australia,562,33
BJ Rohrer ,2013-2013,2013,2013,1,1,0,16,16,16,16,14,114.28,0,0,0,0,1,Australia,63,485
NW Bracken ,2006-2009,2006,2009,19,6,3,15,4*,4,5,22,68.18,0,0,1,1,0,Australia,633,1058
LA Pomersbach ,2007-2007,2007,2007,1,1,0,15,15,15,15,7,214.28,0,0,0,1,1,Australia,408,261
MA Starc ,2012-2018,2012,2018,23,6,2,12,4,4,3,18,66.66,0,0,0,0,0,Australia,217,54
SW Tait ,2007-2016,2007,2016,21,6,2,11,6,6,2.75,15,73.33,0,0,1,0,1,Australia,558,754
KW Richardson ,2014-2018,2014,2018,9,2,0,9,9,9,4.5,8,112.5,0,0,1,0,0,Australia,456,831
B Stanlake ,2017-2018,2017,2018,17,2,1,9,7,7,9,12,75,0,0,0,0,1,Australia,797,984
NM Hauritz ,2009-2009,2009,2009,3,2,0,6,4,4,3,10,60,0,0,0,1,0,Australia,862,821
PJ Hughes ,2014-2014,2014,2014,1,1,0,6,6,6,6,8,75,0,0,0,1,0,Australia,19,213
JA Richardson ,2017-2018,2017,2018,7,2,1,6,6*,6,6,3,200,0,0,1,1,0,Australia,295,1018
SA Abbott ,2014-2014,2014,2014,3,1,0,5,5,5,5,8,62.5,0,0,0,1,0,Australia,779,522
GD McGrath ,2005-2005,2005,2005,2,1,0,5,5,5,5,12,41.66,0,0,0,0,0,Australia,433,1109
JL Pattinson ,2011-2012,2011,2012,4,2,2,5,5*,5,-,3,166.66,0,0,0,1,0,Australia,490,331
CJ Boyce ,2014-2016,2014,2016,7,2,1,4,3,3,4,7,57.14,0,0,0,0,0,Australia,527,976
NM Lyon ,2016-2018,2016,2018,2,1,1,4,4*,4,-,4,100,0,0,0,0,0,Australia,204,301
JM Muirhead ,2014-2014,2014,2014,5,2,1,4,3,3,4,8,50,0,0,0,0,0,Australia,1071,540
NJ Reardon ,2014-2014,2014,2014,2,1,0,4,4,4,4,8,50,0,0,0,0,0,Australia,608,481
Fawad Ahmed ,2013-2013,2013,2013,2,1,1,3,3*,3,-,5,60,0,0,0,0,0,Australia,771,593
MS Kasprowicz ,2005-2005,2005,2005,2,1,1,3,3*,3,-,5,60,0,0,0,0,0,Australia,373,848
MJ Swepson ,2018-2018,2018,2018,1,1,1,3,3*,3,-,4,75,0,0,0,0,0,Australia,953,187
RJ Harris ,2010-2010,2010,2010,3,1,1,2,2*,2,-,1,200,0,0,0,0,0,Australia,242,475
BW Hilfenhaus ,2007-2012,2007,2012,7,3,1,2,2,2,1,10,20,0,0,1,0,0,Australia,224,250
DE Bollinger ,2011-2014,2011,2014,9,2,2,1,1*,1,-,1,100,0,0,0,0,0,Australia,938,185
PM Siddle ,2009-2010,2009,2010,2,1,1,1,1*,1,-,1,100,0,0,0,0,0,Australia,799,1077
JD Wildermuth ,2018-2018,2018,2018,2,1,1,1,1*,1,-,1,100,0,0,0,0,0,Australia,234,24
CT Bancroft ,2016-2016,2016,2016,1,1,1,0,0*,0,-,0,-,0,0,0,0,0,Australia,69,388
SM Harwood ,2007-2009,2007,2009,3,1,1,0,0*,0,-,0,-,0,0,0,0,0,Australia,665,137
AA Noffke ,2007-2008,2007,2008,2,1,0,0,0,0,0,0,-,0,0,1,0,0,Australia,591,593
JP Behrendorff ,2017-2018,2017,2018,5,-,-,-,-,-,-,-,-,-,-,-,-,-,Australia,233,132
SM Boland ,2016-2016,2016,2016,3,-,-,-,-,-,-,-,-,-,-,-,-,-,Australia,537,1093
SR Clark ,2006-2007,2006,2007,9,-,-,-,-,-,-,-,-,-,-,-,-,-,Australia,593,213
B Geeves ,2009-2009,2009,2009,1,-,-,-,-,-,-,-,-,-,-,-,-,-,Australia,197,709
JR Hazlewood ,2013-2016,2013,2016,7,-,-,-,-,-,-,-,-,-,-,-,-,-,Australia,891,152
B Laughlin ,2009-2013,2009,2013,3,-,-,-,-,-,-,-,-,-,-,-,-,-,Australia,771,18
ML Lewis ,2006-2006,2006,2006,2,-,-,-,-,-,-,-,-,-,-,-,-,-,Australia,14,430
JP Duminy ,2007-2018,2007,2018,78,72,23,1858,96*,96,37.91,1494,124.36,0,11,6,133,66,South Africa,87,261
AB de Villiers ,2006-2017,2006,2017,78,75,11,1672,79*,79,26.12,1237,135.16,0,10,5,140,60,South Africa,763,1018
F du Plessis ,2012-2018,2012,2018,39,39,6,1202,119,119,36.42,893,134.6,1,7,0,113,37,South Africa,844,71
HM Amla ,2009-2018,2009,2018,41,41,5,1158,97*,97,32.16,883,131.14,0,7,2,133,23,South Africa,186,990
DA Miller ,2010-2018,2010,2018,61,54,16,1112,101*,101,29.26,802,138.65,1,1,0,77,48,South Africa,735,361
GC Smith ,2005-2011,2005,2011,33,33,2,982,89*,89,31.67,770,127.53,0,5,1,123,26,South Africa,486,573
Q de Kock ,2012-2018,2012,2018,35,35,4,874,59,59,28.19,681,128.34,0,2,3,101,27,South Africa,582,731
JH Kallis ,2005-2012,2005,2012,25,23,4,666,73,73,35.05,558,119.35,0,5,0,56,20,South Africa,548,696
JA Morkel ,2005-2015,2005,2015,50,38,11,572,43,43,21.18,402,142.28,0,0,1,29,39,South Africa,537,1066
F Behardien ,2012-2018,2012,2018,38,30,14,518,64*,64,32.37,404,128.21,0,1,1,37,16,South Africa,63,399
HH Gibbs ,2005-2010,2005,2010,23,23,1,400,90*,90,18.18,318,125.78,0,3,4,45,12,South Africa,246,647
RR Rossouw ,2014-2016,2014,2016,15,14,3,327,78,78,29.72,237,137.97,0,2,2,29,12,South Africa,382,683
LE Bosman ,2006-2010,2006,2010,14,14,1,323,94,94,24.84,219,147.48,0,3,2,27,20,South Africa,266,475
RR Hendricks ,2014-2018,2014,2018,14,14,0,313,70,70,22.35,270,115.92,0,1,2,36,4,South Africa,74,244
MV Boucher ,2005-2010,2005,2010,25,21,6,268,36*,36,17.86,275,97.45,0,0,0,22,2,South Africa,730,442
RE Levi ,2012-2012,2012,2012,13,13,2,236,117*,117,21.45,167,141.31,1,1,3,20,15,South Africa,588,481
MN van Wyk ,2007-2015,2007,2015,8,7,1,225,114*,114,37.5,157,143.31,1,1,0,19,14,South Africa,1072,909
CA Ingram ,2010-2012,2010,2012,9,9,1,210,78,78,26.25,162,129.62,0,1,1,23,7,South Africa,551,411
JM Kemp ,2005-2007,2005,2007,8,7,3,203,89*,89,50.75,160,126.87,0,1,0,17,10,South Africa,767,139
J Botha ,2006-2012,2006,2012,40,20,9,201,34,34,18.27,165,121.81,0,0,1,15,9,South Africa,145,892
H Davids ,2012-2013,2012,2013,9,9,0,161,68,68,17.88,134,120.14,0,2,2,18,4,South Africa,193,132
JL Ontong ,2008-2015,2008,2015,14,10,0,158,48,48,15.8,109,144.95,0,0,1,6,11,South Africa,765,1088
H Klaasen ,2018-2018,2018,2018,6,6,0,144,69,69,24,85,169.41,0,1,0,8,11,South Africa,307,353
JT Smuts ,2017-2018,2017,2018,8,8,0,126,45,45,15.75,114,110.52,0,0,1,14,5,South Africa,1004,716
RJ Peterson ,2006-2014,2006,2014,21,12,4,124,34,34,15.5,113,109.73,0,0,1,13,2,South Africa,923,566
WD Parnell ,2009-2017,2009,2017,40,13,9,114,29*,29,28.5,96,118.75,0,0,0,10,3,South Africa,76,383
M Mosehle ,2017-2017,2017,2017,7,6,1,105,36,36,21,65,161.53,0,0,0,6,9,South Africa,1035,657
D Wiese ,2013-2016,2013,2016,20,11,4,92,28,28,13.14,75,122.66,0,0,1,4,3,South Africa,847,756
SM Pollock ,2005-2008,2005,2008,12,9,2,86,36*,36,12.28,70,122.85,0,0,3,4,4,South Africa,902,855
CH Morris ,2012-2018,2012,2018,18,11,3,77,17*,17,9.62,71,108.45,0,0,3,7,2,South Africa,344,800
HE van der Dussen ,2018-2018,2018,2018,2,2,0,69,56,56,34.5,52,132.69,0,1,0,6,2,South Africa,584,411
C Jonker ,2018-2018,2018,2018,2,2,0,57,49,49,28.5,29,196.55,0,0,0,5,3,South Africa,864,96
RE van der Merwe ,2009-2010,2009,2010,13,6,3,57,48,48,19,50,114,0,0,1,2,4,South Africa,477,1092
HG Kuhn ,2009-2017,2009,2017,7,6,2,49,29,29,12.25,42,116.66,0,0,0,3,2,South Africa,806,1093
AL Phehlukwayo ,2017-2018,2017,2018,16,7,3,46,27*,27,11.5,45,102.22,0,0,3,6,0,South Africa,388,633
JJ van der Wath ,2006-2007,2006,2007,8,4,1,46,21,21,15.33,39,117.94,0,0,0,3,1,South Africa,1048,77
J Theron ,2010-2012,2010,2012,9,3,3,32,31*,31,-,21,152.38,0,0,0,3,1,South Africa,141,31
TB de Bruyn ,2017-2017,2017,2017,2,2,0,26,19,19,13,16,162.5,0,0,0,3,1,South Africa,95,939
RK Kleinveldt ,2008-2013,2008,2013,6,3,2,25,22,22,25,10,250,0,0,0,1,3,South Africa,31,829
KJ Abbott ,2013-2016,2013,2016,21,6,4,23,9*,9,11.5,20,115,0,0,0,2,0,South Africa,445,193
M Morkel ,2007-2017,2007,2017,41,7,5,21,8*,8,10.5,16,131.25,0,0,0,3,1,South Africa,201,983
AM Phangiso ,2012-2018,2012,2018,16,3,0,19,13,13,6.33,29,65.51,0,0,0,1,0,South Africa,179,955
Imran Tahir ,2013-2018,2013,2018,34,3,2,18,9*,9,18,17,105.88,0,0,0,1,1,South Africa,1105,760
BE Hendricks ,2014-2017,2014,2017,7,2,1,15,12*,12,15,15,100,0,0,0,0,1,South Africa,950,809
DW Steyn ,2007-2016,2007,2016,42,9,4,15,5,5,3,20,75,0,0,1,1,0,South Africa,486,256
VB van Jaarsveld ,2009-2009,2009,2009,3,3,0,15,12,12,5,23,65.21,0,0,1,0,0,South Africa,912,797
CJ Dala ,2018-2018,2018,2018,5,3,3,14,12*,12,-,21,66.66,0,0,0,1,0,South Africa,252,1109
AN Petersen ,2010-2010,2010,2010,2,2,0,14,8,8,7,19,73.68,0,0,0,1,0,South Africa,75,588
VD Philander ,2007-2007,2007,2007,7,4,0,14,6,6,3.5,28,50,0,0,0,0,0,South Africa,351,991
AJ Hall ,2006-2006,2006,2006,2,1,0,11,11,11,11,10,110,0,0,0,1,0,South Africa,562,1081
M Ntini ,2005-2011,2005,2011,10,4,2,10,5,5,5,11,90.9,0,0,1,2,0,South Africa,510,747
R McLaren ,2009-2014,2009,2014,12,4,3,9,6*,6,9,13,69.23,0,0,0,0,0,South Africa,635,948
GH Bodi ,2007-2007,2007,2007,1,1,0,8,8,8,8,25,32,0,0,0,0,0,South Africa,383,575
ND McKenzie ,2006-2009,2006,2009,2,1,1,7,7*,7,-,8,87.5,0,0,0,0,0,South Africa,968,126
L Ngidi ,2017-2018,2017,2018,7,2,1,6,4,4,6,9,66.66,0,0,0,0,0,South Africa,253,71
JA Rudolph ,2006-2006,2006,2006,1,1,1,6,6*,6,-,7,85.71,0,0,0,0,0,South Africa,97,711
D Paterson ,2017-2018,2017,2018,8,2,1,5,4*,4,5,2,250,0,0,0,1,0,South Africa,712,575
AG Prince ,2005-2005,2005,2005,1,1,0,5,5,5,5,6,83.33,0,0,0,0,0,South Africa,935,695
K Rabada ,2014-2018,2014,2018,18,3,2,5,5*,5,5,8,62.5,0,0,1,0,0,South Africa,1068,51
R Telemachus ,2006-2007,2006,2007,3,1,1,5,5*,5,-,3,166.66,0,0,0,0,0,South Africa,629,287
CK Langeveldt ,2005-2010,2005,2010,9,3,2,4,2*,2,4,8,50,0,0,0,0,0,South Africa,212,843
GJP Kruger ,2006-2006,2006,2006,1,1,0,3,3,3,3,5,60,0,0,0,0,0,South Africa,644,184
GL Cloete ,2018-2018,2018,2018,1,1,0,2,2,2,2,3,66.66,0,0,0,0,0,South Africa,829,145
LL Tsotsobe ,2009-2014,2009,2014,23,3,2,2,1*,1,2,10,20,0,0,0,0,0,South Africa,537,1009
HH Dippenaar ,2006-2006,2006,2006,1,1,0,1,1,1,1,5,20,0,0,0,0,0,South Africa,48,619
J Louw ,2008-2009,2008,2009,2,1,1,1,1*,1,-,1,100,0,0,0,0,0,South Africa,906,1041
T Henderson ,2006-2006,2006,2006,1,1,0,0,0,0,0,2,0,0,0,1,0,0,South Africa,1040,340
A Nel ,2005-2007,2005,2007,2,1,1,0,0*,0,-,2,0,0,0,0,0,0,South Africa,928,830
T Shamsi ,2017-2018,2017,2018,9,2,1,0,0*,0,0,4,0,0,0,1,0,0,South Africa,167,336
M Zondeki ,2006-2006,2006,2006,1,1,0,0,0,0,0,1,0,0,0,1,0,0,South Africa,856,570
YA Abdulla ,2009-2009,2009,2009,2,-,-,-,-,-,-,-,-,-,-,-,-,-,South Africa,951,690
N Boje ,2005-2005,2005,2005,1,-,-,-,-,-,-,-,-,-,-,-,-,-,South Africa,205,468
M de Lange ,2012-2015,2012,2015,6,-,-,-,-,-,-,-,-,-,-,-,-,-,South Africa,461,638
R Frylinck ,2017-2018,2017,2018,3,-,-,-,-,-,-,-,-,-,-,-,-,-,South Africa,547,1074
E Leie ,2015-2015,2015,2015,2,-,-,-,-,-,-,-,-,-,-,-,-,-,South Africa,256,86
D Pretorius ,2017-2017,2017,2017,2,-,-,-,-,-,-,-,-,-,-,-,-,-,South Africa,17,144
AC Thomas ,2007-2007,2007,2007,1,-,-,-,-,-,-,-,-,-,-,-,-,-,South Africa,892,296
DJ Vilas ,2012-2012,2012,2012,1,-,-,-,-,-,-,-,-,-,-,-,-,-,South Africa,52,109
MN Samuels ,2007-2018,2007,2018,67,65,10,1611,89*,89,29.29,1386,116.23,0,10,0,144,69,West Indies,906,556
CH Gayle ,2006-2018,2006,2018,56,52,4,1607,117,117,33.47,1123,143.09,2,13,3,137,103,West Indies,55,896
DJ Bravo ,2006-2016,2006,2016,66,59,12,1142,66*,66,24.29,981,116.41,0,4,4,67,49,West Indies,251,563
LMP Simmons ,2007-2017,2007,2017,45,44,6,907,82*,82,23.86,777,116.73,0,5,6,86,33,West Indies,376,126
KA Pollard ,2008-2018,2008,2018,59,50,10,788,63*,63,19.7,618,127.5,0,2,1,56,40,West Indies,1070,316
ADS Fletcher ,2008-2018,2008,2018,42,40,4,765,84*,84,21.25,707,108.2,0,6,6,54,37,West Indies,589,248
J Charles ,2011-2016,2011,2016,34,33,0,724,84,84,21.93,595,121.68,0,4,4,84,26,West Indies,384,710
E Lewis ,2016-2018,2016,2018,20,20,1,637,125*,125,33.52,389,163.75,2,4,1,38,54,West Indies,622,171
DR Smith ,2006-2015,2006,2015,33,32,0,582,72,72,18.18,474,122.78,0,3,1,62,31,West Indies,882,448
D Ramdin ,2006-2018,2006,2018,68,47,14,581,55*,55,17.6,498,116.66,0,1,3,48,18,West Indies,453,952
DJG Sammy ,2007-2016,2007,2016,66,50,16,534,42*,42,15.7,359,148.74,0,0,3,42,27,West Indies,879,825
AD Russell ,2011-2018,2011,2018,47,39,13,465,47,47,17.88,329,141.33,0,0,6,30,32,West Indies,522,298
S Chanderpaul ,2006-2010,2006,2010,22,22,5,343,41,41,20.17,347,98.84,0,0,0,34,5,West Indies,68,174
DM Bravo ,2010-2018,2010,2018,17,15,1,308,43*,43,22,278,110.79,0,0,2,26,11,West Indies,172,299
RR Sarwan ,2007-2010,2007,2010,18,16,3,298,59,59,22.92,286,104.19,0,2,1,19,6,West Indies,606,155
CR Brathwaite ,2011-2018,2011,2018,35,22,6,281,37*,37,17.56,228,123.24,0,0,1,13,20,West Indies,242,1008
CAK Walton ,2014-2018,2014,2018,19,17,0,225,40,40,13.23,203,110.83,0,0,5,23,11,West Indies,116,405
R Powell ,2017-2018,2017,2018,20,15,2,221,50,50,17,191,115.7,0,1,1,18,8,West Indies,431,992
DS Smith ,2007-2009,2007,2009,6,6,0,203,61,61,33.83,161,126.08,0,2,0,22,5,West Indies,822,18
SD Hope ,2017-2018,2017,2018,9,7,0,173,55,55,24.71,111,155.85,0,1,0,19,9,West Indies,868,392
N Pooran ,2016-2018,2016,2018,8,8,2,148,53*,53,24.66,97,152.57,0,1,0,14,8,West Indies,948,437
SP Narine ,2012-2017,2012,2017,48,20,8,147,30,30,12.25,116,126.72,0,0,2,13,5,West Indies,141,407
KMA Paul ,2018-2018,2018,2018,13,9,4,124,29,29,24.8,96,129.16,0,0,0,8,7,West Indies,918,1005
JE Taylor ,2006-2018,2006,2018,30,15,6,118,21,21,13.11,92,128.26,0,0,1,10,6,West Indies,436,488
XM Marshall ,2008-2009,2008,2009,6,6,0,96,36,36,16,77,124.67,0,0,1,8,4,West Indies,204,869
RS Morton ,2006-2010,2006,2010,7,7,1,96,40,40,16,103,93.2,0,0,1,8,2,West Indies,635,1054
JN Mohammed ,2017-2018,2017,2018,9,8,3,90,23*,23,18,103,87.37,0,0,1,9,1,West Indies,220,760
CD Barnwell ,2011-2013,2011,2013,6,6,2,78,34*,34,19.5,62,125.8,0,0,1,4,4,West Indies,28,374
SO Hetmyer ,2018-2018,2018,2018,8,6,0,77,26,26,12.83,63,122.22,0,0,1,10,3,West Indies,1106,178
AR Nurse ,2011-2018,2011,2018,12,7,5,72,20*,20,36,63,114.28,0,0,0,5,3,West Indies,940,263
TM Dowlin ,2009-2010,2009,2010,2,2,1,68,37*,37,68,69,98.55,0,0,0,8,0,West Indies,238,297
DP Hyatt ,2011-2012,2011,2012,5,5,1,64,28,28,16,54,118.51,0,0,0,4,4,West Indies,648,703
N Deonarine ,2010-2013,2010,2013,8,7,2,55,36*,36,11,53,103.77,0,0,3,5,0,West Indies,766,301
S Badree ,2012-2018,2012,2018,50,15,9,43,14*,14,7.16,63,68.25,0,0,0,1,1,West Indies,575,520
NO Miller ,2009-2014,2009,2014,9,5,4,43,15*,15,43,47,91.48,0,0,0,2,0,West Indies,960,509
JO Holder ,2014-2017,2014,2017,8,4,1,42,26*,26,14,37,113.51,0,0,1,4,1,West Indies,427,1080
SJ Benn ,2008-2016,2008,2016,24,7,4,37,13*,13,12.33,42,88.09,0,0,1,5,1,West Indies,141,591
FA Allen ,2018-2018,2018,2018,6,4,0,35,27,27,8.75,31,112.9,0,0,2,5,0,West Indies,639,245
SE Findlay ,2008-2008,2008,2008,2,2,0,32,19,19,16,31,103.22,0,0,0,4,0,West Indies,161,946
WW Hinds ,2006-2010,2006,2010,5,5,1,30,14,14,7.5,41,73.17,0,0,1,3,0,West Indies,120,641
NE Bonner ,2011-2012,2011,2012,2,2,0,27,24,24,13.5,38,71.05,0,0,0,2,0,West Indies,25,575
D Ganga ,2006-2006,2006,2006,1,1,0,26,26,26,26,31,83.87,0,0,0,3,1,West Indies,596,50
AB Barath ,2010-2011,2010,2011,2,2,0,23,15,15,11.5,39,58.97,0,0,0,3,0,West Indies,647,394
FL Reifer ,2009-2009,2009,2009,1,1,0,22,22,22,22,20,110,0,0,0,2,1,West Indies,589,534
TL Best ,2013-2014,2013,2014,6,1,1,17,17*,17,-,9,188.88,0,0,0,0,2,West Indies,934,333
RR Emrit ,2018-2018,2018,2018,4,3,0,17,11,11,5.66,27,62.96,0,0,0,0,1,West Indies,469,430
KOA Powell ,2014-2014,2014,2014,1,1,0,12,12,12,12,14,85.71,0,0,0,1,0,West Indies,550,1005
R Rampaul ,2007-2015,2007,2015,23,6,5,12,8,8,12,21,57.14,0,0,0,0,0,West Indies,4,158
CS Baugh ,2008-2012,2008,2012,3,3,0,10,7,7,3.33,12,83.33,0,0,0,1,0,West Indies,39,178
FH Edwards ,2007-2012,2007,2012,20,4,2,10,7*,7,5,9,111.11,0,0,1,1,0,West Indies,253,212
BA Parchment ,2007-2007,2007,2007,1,1,0,10,10,10,10,6,166.66,0,0,0,1,1,West Indies,136,290
K Pierre ,2018-2018,2018,2018,3,2,1,10,9*,9,10,9,111.11,0,0,0,2,0,West Indies,743,485
ACL Richards ,2007-2007,2007,2007,1,1,0,10,10,10,10,15,66.66,0,0,0,1,0,West Indies,957,809
WKD Perkins ,2008-2008,2008,2008,1,1,0,9,9,9,9,11,81.81,0,0,0,1,0,West Indies,229,840
O Thomas ,2018-2018,2018,2018,6,3,1,8,8*,8,4,8,100,0,0,2,2,0,West Indies,656,125
D Bishoo ,2011-2015,2011,2015,5,2,1,6,6*,6,6,6,100,0,0,1,1,0,West Indies,990,215
OF Smith ,2018-2018,2018,2018,2,1,0,6,6,6,6,5,120,0,0,0,1,0,West Indies,485,1009
KOK Williams ,2016-2018,2016,2018,18,5,2,6,3,3,2,10,60,0,0,1,0,0,West Indies,1056,798
SS Cottrell ,2014-2018,2014,2018,10,3,2,5,3*,3,5,10,50,0,0,1,0,0,West Indies,909,179
AM McCarthy ,2018-2018,2018,2018,1,1,0,5,5,5,5,8,62.5,0,0,0,0,0,West Indies,503,567
GE Mathurin ,2011-2012,2011,2012,3,2,2,4,3*,3,-,5,80,0,0,0,0,0,West Indies,945,943
MC Bascombe ,2011-2011,2011,2011,1,1,0,3,3,3,3,7,42.85,0,0,0,0,0,West Indies,575,854
KAJ Roach ,2008-2012,2008,2012,11,1,1,3,3*,3,-,2,150,0,0,0,0,0,West Indies,28,611
SE Rutherford ,2018-2018,2018,2018,1,1,0,2,2,2,2,6,33.33,0,0,0,0,0,West Indies,501,276
DE Bernard ,2009-2009,2009,2009,1,1,1,1,1*,1,-,1,100,0,0,0,0,0,West Indies,1027,404
DBL Powell ,2007-2007,2007,2007,5,1,1,1,1*,1,-,1,100,0,0,0,0,0,West Indies,842,6
IDR Bradshaw ,2006-2006,2006,2006,1,1,1,0,0*,0,-,0,-,0,0,0,0,0,West Indies,161,666
DO Christian ,2011-2011,2011,2011,2,1,0,0,0,0,0,2,0,0,0,1,0,0,West Indies,117,120
RN Lewis ,2008-2008,2008,2008,1,1,0,0,0,0,0,4,0,0,0,1,0,0,West Indies,818,1033
DM Richards ,2009-2009,2009,2009,1,1,0,0,0,0,0,1,0,0,0,1,0,0,West Indies,1029,610
K Santokie ,2011-2014,2011,2014,12,1,1,0,0*,0,-,0,-,0,0,0,0,0,West Indies,497,792
LS Baker ,2008-2009,2008,2009,3,-,-,-,-,-,-,-,-,-,-,-,-,-,West Indies,169,152
DK Butler ,2006-2006,2006,2006,1,-,-,-,-,-,-,-,-,-,-,-,-,-,West Indies,756,967
ST Gabriel ,2013-2013,2013,2013,2,-,-,-,-,-,-,-,-,-,-,-,-,-,West Indies,176,965
A Martin ,2011-2011,2011,2011,1,-,-,-,-,-,-,-,-,-,-,-,-,-,West Indies,61,344
V Permaul ,2018-2018,2018,2018,1,-,-,-,-,-,-,-,-,-,-,-,-,-,West Indies,921,557
DC Thomas ,2009-2013,2009,2013,3,-,-,-,-,-,-,-,-,-,-,-,-,-,West Indies,733,686
GC Tonge ,2009-2009,2009,2009,1,-,-,-,-,-,-,-,-,-,-,-,-,-,West Indies,747,389
MJ Guptill ,2009-2018,2009,2018,75,73,7,2271,105,105,34.4,1709,132.88,2,14,2,200,103,New Zealand,937,403
BB McCullum ,2005-2015,2005,2015,71,70,10,2140,123,123,35.66,1571,136.21,2,13,3,199,91,New Zealand,98,399
LRPL Taylor ,2006-2018,2006,2018,84,76,18,1467,63,63,25.29,1210,121.23,0,5,4,94,55,New Zealand,1055,934
KS Williamson ,2011-2018,2011,2018,54,52,7,1424,73*,73,31.64,1176,121.08,0,9,2,152,23,New Zealand,68,615
C Munro ,2012-2018,2012,2018,48,45,7,1277,109*,109,33.6,792,161.23,3,8,4,95,83,New Zealand,944,1111
SB Styris ,2005-2010,2005,2010,31,29,2,578,66,66,21.4,483,119.66,0,1,0,40,25,New Zealand,652,563
CJ Anderson ,2012-2018,2012,2018,31,24,4,485,94*,94,24.25,351,138.17,0,2,3,30,26,New Zealand,430,479
JDP Oram ,2005-2012,2005,2012,36,30,7,474,66*,66,20.6,339,139.82,0,2,3,38,22,New Zealand,872,250
JEC Franklin ,2006-2013,2006,2013,38,31,8,463,60,60,20.13,391,118.41,0,2,2,28,23,New Zealand,50,383
JD Ryder ,2008-2014,2008,2014,22,21,1,457,62,62,22.85,358,127.65,0,3,2,47,18,New Zealand,971,432
RJ Nicol ,2010-2013,2010,2013,21,19,0,327,58,58,17.21,296,110.47,0,2,2,33,11,New Zealand,933,156
L Ronchi ,2013-2017,2013,2017,29,23,6,312,51*,51,18.35,227,137.44,0,1,4,22,13,New Zealand,694,998
NL McCullum ,2007-2016,2007,2016,63,41,15,299,36*,36,11.5,297,100.67,0,0,4,19,8,New Zealand,502,770
TC Bruce ,2017-2018,2017,2018,14,14,2,226,59*,59,18.83,176,128.4,0,1,0,21,7,New Zealand,1097,803
DL Vettori ,2007-2014,2007,2014,34,22,6,205,38,38,12.81,190,107.89,0,0,3,14,2,New Zealand,678,1070
CD McMillan ,2005-2007,2005,2007,8,7,1,187,57,57,31.16,117,159.82,0,1,0,8,14,New Zealand,873,190
C de Grandhomme ,2012-2018,2012,2018,22,20,7,178,41*,41,13.69,129,137.98,0,0,2,9,11,New Zealand,922,642
L Vincent ,2006-2007,2006,2007,9,9,0,174,42,42,19.33,174,100,0,0,1,17,3,New Zealand,719,942
MJ Santner ,2015-2018,2015,2018,27,17,6,170,37,37,15.45,132,128.78,0,0,2,15,5,New Zealand,609,30
TWM Latham ,2012-2017,2012,2017,13,10,0,163,39,39,16.3,157,103.82,0,0,0,12,2,New Zealand,760,188
GD Elliott ,2009-2016,2009,2016,16,14,4,157,27,27,15.7,149,105.36,0,0,0,10,2,New Zealand,268,35
HD Rutherford ,2013-2013,2013,2013,7,6,0,151,62,62,25.16,104,145.19,0,1,0,12,9,New Zealand,380,835
GD Phillips ,2017-2018,2017,2018,11,10,1,140,56,56,15.55,140,100,0,1,0,9,5,New Zealand,856,897
KD Mills ,2005-2014,2005,2014,42,19,7,137,33*,33,11.41,123,111.38,0,0,4,11,5,New Zealand,557,1079
TG Southee ,2008-2018,2008,2018,54,23,7,132,23,23,8.25,96,137.5,0,0,4,12,7,New Zealand,451,387
PG Fulton ,2006-2012,2006,2012,12,12,1,127,25,25,11.54,140,90.71,0,0,2,7,6,New Zealand,831,1001
AJ Redmond ,2009-2010,2009,2010,7,6,0,126,63,63,21,84,150,0,1,0,19,2,New Zealand,116,1093
JDS Neesham ,2012-2017,2012,2017,15,12,3,122,28,28,13.55,93,131.18,0,0,1,15,3,New Zealand,238,479
AP Devcich ,2013-2014,2013,2014,4,4,0,111,59,59,27.75,79,140.5,0,1,0,17,2,New Zealand,201,118
SP Fleming ,2005-2006,2005,2006,5,5,0,110,38,38,22,85,129.41,0,0,0,20,0,New Zealand,159,843
GH Worker ,2015-2015,2015,2015,2,2,0,90,62,62,45,64,140.62,0,1,0,6,5,New Zealand,899,783
GJ Hopkins ,2007-2010,2007,2010,10,8,0,86,36,36,10.75,71,121.12,0,0,0,5,5,New Zealand,401,580
MS Chapman ,2018-2018,2018,2018,5,5,1,83,37*,37,20.75,69,120.28,0,0,0,4,4,New Zealand,991,149
DAJ Bracewell ,2011-2018,2011,2018,17,9,5,77,21*,21,19.25,57,135.08,0,0,2,5,4,New Zealand,641,866
NJ Astle ,2005-2006,2005,2006,4,4,1,74,40*,40,24.66,67,110.44,0,0,0,7,2,New Zealand,14,657
NT Broom ,2009-2017,2009,2017,11,7,1,73,36,36,12.16,68,107.35,0,0,0,8,1,New Zealand,211,69
PD McGlashan ,2006-2010,2006,2010,11,9,1,61,26,26,7.62,64,95.31,0,0,0,6,2,New Zealand,4,386
DR Flynn ,2008-2012,2008,2012,5,5,0,59,23,23,11.8,51,115.68,0,0,0,1,4,New Zealand,245,169
JM How ,2007-2008,2007,2008,5,5,0,56,31,31,11.2,67,83.58,0,0,0,5,1,New Zealand,641,67
IS Sodhi ,2014-2018,2014,2018,29,6,3,50,15,15,16.66,49,102.04,0,0,1,4,2,New Zealand,757,347
TL Seifert ,2018-2018,2018,2018,7,6,1,40,14*,14,8,29,137.93,0,0,2,2,4,New Zealand,19,390
AK Kitchen ,2017-2018,2017,2018,5,4,1,38,16,16,12.66,32,118.75,0,0,0,3,1,New Zealand,118,450
BJ Watling ,2009-2014,2009,2014,5,4,0,38,22,22,9.5,58,65.51,0,0,0,3,0,New Zealand,59,701
RM Hira ,2012-2013,2012,2013,15,3,1,37,20*,20,18.5,33,112.12,0,0,0,4,1,New Zealand,167,515
BM Wheeler ,2017-2018,2017,2018,6,4,2,37,30,30,18.5,28,132.14,0,0,0,3,2,New Zealand,100,1010
AM Ellis ,2012-2013,2012,2013,5,5,2,25,16,16,8.33,21,119.04,0,0,0,1,1,New Zealand,506,821
PJ Ingram ,2010-2010,2010,2010,3,3,1,22,20*,20,11,35,62.85,0,0,1,3,0,New Zealand,693,224
SE Bond ,2005-2010,2005,2010,20,8,3,21,8*,8,4.2,21,100,0,0,2,2,0,New Zealand,623,332
MR Gillespie ,2006-2008,2006,2008,11,6,4,21,7,7,10.5,29,72.41,0,0,0,0,0,New Zealand,145,431
AF Milne ,2010-2018,2010,2018,21,8,8,21,10*,10,-,23,91.3,0,0,0,1,0,New Zealand,829,987
JW Wilson ,2005-2005,2005,2005,1,1,0,18,18,18,18,14,128.57,0,0,0,2,0,New Zealand,842,1019
TA Blundell ,2017-2018,2017,2018,3,2,1,17,14,14,17,21,80.95,0,0,0,0,0,New Zealand,492,1096
HM Nicholls ,2016-2017,2016,2017,4,3,0,15,7,7,5,22,68.18,0,0,0,2,0,New Zealand,989,643
TA Boult ,2013-2018,2013,2018,25,7,3,14,5,5,3.5,24,58.33,0,0,1,0,0,New Zealand,212,591
MJ McClenaghan ,2012-2016,2012,2016,28,7,4,14,6*,6,4.66,15,93.33,0,0,2,1,1,New Zealand,145,57
JAH Marshall ,2005-2008,2005,2008,3,2,0,14,13,13,7,15,93.33,0,0,0,2,0,New Zealand,858,341
AR Adams ,2005-2006,2005,2006,4,2,1,13,7,7,13,12,108.33,0,0,0,1,0,New Zealand,770,184
PA Hitchcock ,2008-2008,2008,2008,1,1,0,13,13,13,13,11,118.18,0,0,0,1,1,New Zealand,948,71
HJH Marshall ,2005-2006,2005,2006,3,3,0,12,8,8,4,14,85.71,0,0,0,0,0,New Zealand,1094,67
MJ Henry ,2014-2017,2014,2017,6,2,1,10,10,10,10,5,200,0,0,0,2,0,New Zealand,76,489
JS Patel ,2005-2008,2005,2008,11,4,1,9,5,5,3,14,64.28,0,0,1,1,0,New Zealand,500,560
DG Brownlie ,2010-2014,2010,2014,5,5,0,6,5,5,1.2,18,33.33,0,0,3,1,0,New Zealand,758,978
IG Butler ,2009-2013,2009,2013,19,6,5,5,2*,2,5,10,50,0,0,0,0,0,New Zealand,360,644
CS Martin ,2007-2008,2007,2008,6,1,1,5,5*,5,-,6,83.33,0,0,0,0,0,New Zealand,313,816
DR Tuffey ,2005-2010,2005,2010,3,2,1,5,5*,5,5,5,100,0,0,1,1,0,New Zealand,691,409
CL Cairns ,2005-2006,2005,2006,2,2,0,3,2,2,1.5,13,23.07,0,0,0,0,0,New Zealand,532,701
MJ Mason ,2006-2008,2006,2008,3,1,0,2,2,2,2,2,100,0,0,0,0,0,New Zealand,808,534
SHA Rance ,2017-2018,2017,2018,5,2,0,2,1,1,1,4,50,0,0,0,0,0,New Zealand,135,121
TD Astle ,2016-2016,2016,2016,2,1,0,1,1,1,1,5,20,0,0,0,0,0,New Zealand,386,938
LH Ferguson ,2017-2018,2017,2018,2,1,0,1,1,1,1,3,33.33,0,0,0,0,0,New Zealand,459,735
EP Thompson ,2008-2008,2008,2008,1,1,1,1,1*,1,-,1,100,0,0,0,0,0,New Zealand,522,898
AJ McKay ,2010-2010,2010,2010,2,1,0,0,0,0,0,1,0,0,0,1,0,0,New Zealand,532,5
MS Sinclair ,2005-2007,2005,2007,2,2,0,0,0,0,0,5,0,0,0,2,0,0,New Zealand,452,21
GW Aldridge ,2011-2011,2011,2011,1,-,-,-,-,-,-,-,-,-,-,-,-,-,New Zealand,423,1078
MD Bates ,2012-2012,2012,2012,3,-,-,-,-,-,-,-,-,-,-,-,-,-,New Zealand,631,363
BJ Diamanti ,2009-2009,2009,2009,1,-,-,-,-,-,-,-,-,-,-,-,-,-,New Zealand,568,416
IE O'Brien (2009-2009),2009-2009,2009,2009,4,-,-,-,-,-,-,-,-,-,-,-,-,-,New Zealand,702,551
AY Patel ,2018-2018,2018,2018,2,-,-,-,-,-,-,-,-,-,-,-,-,-,New Zealand,189,746
LJ Woodcock ,2010-2011,2010,2011,3,-,-,-,-,-,-,-,-,-,-,-,-,-,New Zealand,740,188
RG Sharma ,2007-2018,2007,2018,90,82,14,2237,118,118,32.89,1619,138.17,4,15,6,201,98,India,428,560
V Kohli ,2010-2018,2010,2018,65,60,16,2167,90*,90,49.25,1592,136.11,0,19,2,218,48,India,416,727
SK Raina ,2006-2018,2006,2018,78,66,11,1605,101,101,29.18,1190,134.87,1,5,3,145,58,India,657,291
MS Dhoni ,2006-2018,2006,2018,93,80,40,1487,56,56,37.17,1170,127.09,0,2,1,107,47,India,733,602
S Dhawan ,2011-2018,2011,2018,46,45,3,1232,92,92,29.33,927,132.9,0,9,1,138,39,India,85,583
Yuvraj Singh ,2007-2017,2007,2017,58,51,9,1177,77*,77,28.02,863,136.38,0,8,1,77,74,India,832,106
G Gambhir ,2007-2012,2007,2012,37,36,2,932,75,75,27.41,783,119.02,0,7,2,109,10,India,318,131
KL Rahul ,2016-2018,2016,2018,25,22,4,782,110*,110,43.44,527,148.38,2,4,1,67,36,India,533,175
MK Pandey ,2015-2018,2015,2018,28,23,10,538,79*,79,41.38,438,122.83,0,2,2,35,16,India,743,791
V Sehwag ,2006-2012,2006,2012,19,18,0,394,68,68,21.88,271,145.38,0,2,1,43,16,India,162,202
AM Rahane ,2011-2016,2011,2016,20,20,2,375,61,61,20.83,331,113.29,0,1,2,32,6,India,510,671
KD Karthik ,2006-2018,2006,2018,26,21,12,352,48,48,39.11,245,143.67,0,0,1,40,11,India,735,551
HH Pandya ,2016-2018,2016,2018,35,22,6,271,33*,33,16.93,177,153.1,0,0,2,15,17,India,1107,496
RV Uthappa ,2007-2015,2007,2015,13,12,2,249,50,50,24.9,211,118,0,1,1,26,6,India,1000,1093
YK Pathan ,2007-2012,2007,2012,22,18,5,236,37*,37,18.15,161,146.58,0,0,3,11,17,India,379,1092
IK Pathan ,2006-2012,2006,2012,24,14,7,172,33*,33,24.57,144,119.44,0,0,0,9,7,India,973,293
M Vijay ,2010-2015,2010,2015,9,9,0,169,48,48,18.77,154,109.74,0,0,1,13,8,India,362,1004
RR Pant ,2017-2018,2017,2018,10,9,1,157,58,58,19.62,134,117.16,0,1,1,12,6,India,725,945
R Ashwin ,2010-2017,2010,2017,46,11,7,123,31*,31,30.75,115,106.95,0,0,0,14,1,India,689,942
KM Jadhav ,2015-2017,2015,2017,9,6,0,122,58,58,20.33,99,123.23,0,1,0,12,3,India,444,127
RA Jadeja ,2009-2017,2009,2017,40,18,6,116,25,25,9.66,124,93.54,0,0,2,6,2,India,426,189
Harbhajan Singh ,2006-2016,2006,2016,28,13,5,108,21,21,13.5,87,124.13,0,0,1,11,4,India,493,769
Mandeep Singh ,2016-2016,2016,2016,3,3,1,87,52*,52,43.5,73,119.17,0,1,0,11,1,India,922,505
SS Iyer ,2017-2017,2017,2017,6,5,0,83,30,30,16.6,80,103.75,0,0,1,8,1,India,766,192
AR Patel ,2015-2018,2015,2018,11,7,3,68,20*,20,17,54,125.92,0,0,0,3,3,India,763,991
S Badrinath ,2011-2011,2011,2011,1,1,0,43,43,43,43,37,116.21,0,0,0,5,0,India,966,158
AT Rayudu ,2014-2016,2014,2016,6,5,1,42,20,20,10.5,50,84,0,0,2,5,0,India,728,1032
D Mongia ,2006-2006,2006,2006,1,1,0,38,38,38,38,45,84.44,0,0,0,4,1,India,47,726
PA Patel ,2011-2011,2011,2011,2,2,0,36,26,26,18,32,112.5,0,0,0,4,1,India,948,1005
STR Binny ,2015-2016,2015,2016,3,2,0,35,24,24,17.5,29,120.68,0,0,0,2,1,India,1046,40
R Dravid ,2011-2011,2011,2011,1,1,0,31,31,31,31,21,147.61,0,0,0,0,3,India,307,365
A Nehra ,2009-2017,2009,2017,27,5,0,28,22,22,5.6,39,71.79,0,0,3,1,2,India,1048,718
KH Pandya ,2018-2018,2018,2018,6,2,1,23,21*,21,23,13,176.92,0,0,0,3,0,India,220,928
AB Dinda ,2009-2012,2009,2012,9,2,1,22,19,19,22,24,91.66,0,0,0,1,0,India,810,502
B Kumar ,2012-2018,2012,2018,34,8,5,22,9,9,7.33,26,84.61,0,0,1,0,0,India,90,625
Kuldeep Yadav ,2017-2018,2017,2018,17,2,1,20,16,16,20,20,100,0,0,0,2,0,India,919,441
S Sreesanth ,2006-2008,2006,2008,10,3,2,20,19*,19,20,14,142.85,0,0,1,4,0,India,85,140
SV Samson ,2015-2015,2015,2015,1,1,0,19,19,19,19,24,79.16,0,0,0,1,0,India,614,593
V Shankar ,2018-2018,2018,2018,5,1,0,17,17,17,17,19,89.47,0,0,0,3,0,India,210,40
AB Agarkar ,2006-2007,2006,2007,4,2,0,15,14,14,7.5,11,136.36,0,0,0,2,0,India,601,178
MK Tiwary ,2011-2012,2011,2012,3,1,0,15,15,15,15,17,88.23,0,0,0,0,0,India,219,257
Z Khan ,2006-2012,2006,2012,17,4,2,13,9,9,6.5,10,130,0,0,0,0,1,India,113,800
NV Ojha ,2010-2010,2010,2010,2,2,0,12,10,10,6,27,44.44,0,0,0,2,0,India,769,995
PP Ojha ,2009-2010,2009,2010,6,1,1,10,10*,10,-,6,166.66,0,0,0,0,1,India,595,891
SR Tendulkar ,2006-2006,2006,2006,1,1,0,10,10,10,10,12,83.33,0,0,0,2,0,India,784,136
JJ Bumrah ,2016-2018,2016,2018,40,6,4,8,7,7,4,13,61.53,0,0,1,1,0,India,499,153
I Sharma ,2008-2013,2008,2013,14,3,2,8,5*,5,8,9,88.88,0,0,1,1,0,India,191,769
P Kumar ,2008-2012,2008,2012,10,3,0,7,6,6,2.33,16,43.75,0,0,1,0,0,India,20,257
Parvez Rasool ,2017-2017,2017,2017,1,1,0,5,5,5,5,6,83.33,0,0,0,0,0,India,441,975
YS Chahal ,2016-2018,2016,2018,27,1,1,3,3*,3,-,2,150,0,0,0,0,0,India,1086,1026
MM Sharma ,2014-2015,2014,2015,8,2,2,3,3*,3,-,7,42.85,0,0,0,0,0,India,898,688
RP Singh ,2007-2009,2007,2009,10,2,2,3,2*,2,-,3,100,0,0,0,0,0,India,357,819
R Vinay Kumar ,2010-2013,2010,2013,9,1,1,2,2*,2,-,4,50,0,0,0,0,0,India,1084,707
R Dhawan ,2016-2016,2016,2016,1,1,1,1,1*,1,-,2,50,0,0,0,0,0,India,72,732
DS Kulkarni ,2016-2016,2016,2016,2,1,1,1,1*,1,-,1,100,0,0,0,0,0,India,694,812
Sandeep Sharma ,2015-2015,2015,2015,2,1,1,1,1*,1,-,1,100,0,0,0,0,0,India,233,856
PP Chawla ,2010-2012,2010,2012,7,1,0,0,0,0,0,1,0,0,0,1,0,0,India,391,663
A Mishra ,2010-2017,2010,2017,10,1,0,0,0,0,0,0,-,0,0,1,0,0,India,409,878
MM Patel ,2011-2011,2011,2011,3,1,0,0,0,0,0,1,0,0,0,1,0,0,India,924,1086
Washington Sundar ,2017-2018,2017,2018,7,1,1,0,0*,0,-,0,-,0,0,0,0,0,India,794,14
KK Ahmed ,2018-2018,2018,2018,6,-,-,-,-,-,-,-,-,-,-,-,-,-,India,117,1089
S Aravind ,2015-2015,2015,2015,1,-,-,-,-,-,-,-,-,-,-,-,-,-,India,447,565
P Awana ,2012-2012,2012,2012,2,-,-,-,-,-,-,-,-,-,-,-,-,-,India,212,338
L Balaji ,2012-2012,2012,2012,5,-,-,-,-,-,-,-,-,-,-,-,-,-,India,338,516
DL Chahar ,2018-2018,2018,2018,1,-,-,-,-,-,-,-,-,-,-,-,-,-,India,766,82
Joginder Sharma ,2007-2007,2007,2007,4,-,-,-,-,-,-,-,-,-,-,-,-,-,India,197,243
M Kartik ,2007-2007,2007,2007,1,-,-,-,-,-,-,-,-,-,-,-,-,-,India,18,496
S Kaul ,2018-2018,2018,2018,2,-,-,-,-,-,-,-,-,-,-,-,-,-,India,975,1002
Mohammed Shami ,2014-2017,2014,2017,7,-,-,-,-,-,-,-,-,-,-,-,-,-,India,544,591
Mohammed Siraj ,2017-2018,2017,2018,3,-,-,-,-,-,-,-,-,-,-,-,-,-,India,174,621
P Negi ,2016-2016,2016,2016,1,-,-,-,-,-,-,-,-,-,-,-,-,-,India,98,655
KV Sharma ,2014-2014,2014,2014,1,-,-,-,-,-,-,-,-,-,-,-,-,-,India,963,992
R Sharma ,2012-2012,2012,2012,2,-,-,-,-,-,-,-,-,-,-,-,-,-,India,773,131
BB Sran ,2016-2016,2016,2016,2,-,-,-,-,-,-,-,-,-,-,-,-,-,India,24,355
SN Thakur ,2018-2018,2018,2018,7,-,-,-,-,-,-,-,-,-,-,-,-,-,India,960,428
S Tyagi ,2009-2009,2009,2009,1,-,-,-,-,-,-,-,-,-,-,-,-,-,India,1080,146
JD Unadkat ,2016-2018,2016,2018,10,-,-,-,-,-,-,-,-,-,-,-,-,-,India,1095,891
UT Yadav ,2012-2018,2012,2018,6,-,-,-,-,-,-,-,-,-,-,-,-,-,India,187,198
Shoaib Malik ,2006-2018,2006,2018,107,100,30,2178,75,75,31.11,1763,123.53,0,7,1,177,60,Pakistan,885,612
Mohammad Hafeez ,2006-2018,2006,2018,89,86,8,1908,86,86,24.46,1643,116.12,0,10,6,196,51,Pakistan,148,619
Umar Akmal ,2009-2016,2009,2016,82,77,14,1690,94,94,26.82,1375,122.9,0,8,8,122,55,Pakistan,254,1006
Ahmed Shehzad ,2009-2018,2009,2018,57,57,2,1454,111*,111,26.43,1257,115.67,1,7,2,157,32,Pakistan,613,944
Shahid Afridi ,2006-2016,2006,2016,98,90,12,1405,54*,54,18.01,932,150.75,0,4,8,102,73,Pakistan,505,611
Babar Azam ,2016-2018,2016,2018,26,26,7,1031,97*,97,54.26,829,124.36,0,8,0,98,13,Pakistan,898,480
Kamran Akmal ,2006-2017,2006,2017,58,53,6,987,73,73,21,825,119.63,0,5,7,100,31,Pakistan,757,382
Misbah-ul-Haq ,2007-2012,2007,2012,39,34,13,788,87*,87,37.52,715,110.2,0,3,2,45,26,Pakistan,1088,144
Sarfraz Ahmed ,2010-2018,2010,2018,54,38,12,745,89*,89,28.65,579,128.67,0,3,2,74,14,Pakistan,882,895
Fakhar Zaman ,2017-2018,2017,2018,26,25,0,706,91,91,28.24,505,139.8,0,4,0,79,21,Pakistan,131,872
Salman Butt ,2007-2010,2007,2010,24,23,2,595,74,74,28.33,551,107.98,0,3,1,66,10,Pakistan,191,511
Imran Nazir ,2007-2012,2007,2012,25,24,1,500,72,72,21.73,370,135.13,0,3,2,59,22,Pakistan,306,830
Younis Khan ,2006-2010,2006,2010,25,23,3,442,51,51,22.1,364,121.42,0,2,2,31,12,Pakistan,45,91
Abdul Razzaq ,2006-2013,2006,2013,32,29,10,393,46*,46,20.68,337,116.61,0,0,2,21,21,Pakistan,1043,1044
Nasir Jamshed ,2012-2013,2012,2013,18,18,1,363,56,56,21.35,320,113.43,0,2,1,34,12,Pakistan,87,988
Sharjeel Khan ,2013-2016,2013,2016,15,15,0,360,59,59,24,262,137.4,0,2,0,48,13,Pakistan,786,959
Hussain Talat ,2018-2018,2018,2018,11,11,1,273,63,63,27.3,232,117.67,0,1,1,23,4,Pakistan,170,278
Asif Ali ,2018-2018,2018,2018,16,15,6,237,41*,41,26.33,171,138.59,0,0,1,11,15,Pakistan,743,416
Khalid Latif ,2008-2016,2008,2016,13,13,2,237,59*,59,21.54,229,103.49,0,1,1,25,6,Pakistan,543,6
Sohaib Maqsood ,2013-2016,2013,2016,20,18,2,221,37,37,13.81,201,109.95,0,0,2,15,8,Pakistan,701,825
Sohail Tanvir ,2007-2017,2007,2017,57,25,8,196,41,41,11.52,164,119.51,0,0,2,16,9,Pakistan,952,535
Fawad Alam ,2007-2010,2007,2010,24,17,6,194,28,28,17.63,169,114.79,0,0,1,7,7,Pakistan,371,592
Asad Shafiq ,2010-2012,2010,2012,10,10,0,192,38,38,19.2,185,103.78,0,0,0,19,2,Pakistan,792,356
Mukhtar Ahmed ,2015-2015,2015,2015,6,6,0,192,83,83,32,134,143.28,0,2,0,23,5,Pakistan,715,1080
Umar Gul ,2007-2016,2007,2016,60,27,9,165,32,32,9.16,156,105.76,0,0,6,11,10,Pakistan,968,655
Umar Amin ,2013-2018,2013,2018,14,9,0,142,47,47,15.77,123,115.44,0,0,3,15,4,Pakistan,125,527
Imad Wasim ,2015-2018,2015,2018,31,19,8,140,24*,24,12.72,92,152.17,0,0,5,10,7,Pakistan,290,568
Wahab Riaz ,2008-2017,2008,2017,27,14,4,126,30*,30,12.6,107,117.75,0,0,2,9,5,Pakistan,1071,476
Shahzaib Hasan ,2009-2010,2009,2010,10,10,0,116,35,35,11.6,130,89.23,0,0,3,13,3,Pakistan,837,1077
Anwar Ali ,2008-2016,2008,2016,16,11,4,109,46,46,15.57,77,141.55,0,0,0,6,6,Pakistan,848,276
Mohammad Rizwan ,2015-2016,2015,2016,10,7,1,106,33*,33,17.66,109,97.24,0,0,0,9,1,Pakistan,391,808
Faheem Ashraf ,2017-2018,2017,2018,23,14,6,96,21,21,12,79,121.51,0,0,4,5,6,Pakistan,187,1086
Yasir Arafat ,2007-2012,2007,2012,13,11,4,92,17,17,13.14,79,116.45,0,0,0,8,2,Pakistan,33,340
Saeed Ajmal ,2009-2015,2009,2015,64,23,12,91,21*,21,8.27,86,105.81,0,0,3,7,2,Pakistan,255,440
Haris Sohail ,2013-2018,2013,2018,9,8,2,90,30*,30,15,87,103.44,0,0,1,6,1,Pakistan,362,1007
Shadab Khan ,2017-2018,2017,2018,29,8,2,86,29,29,14.33,68,126.47,0,0,1,4,3,Pakistan,31,56
Imran Farhat ,2010-2011,2010,2011,7,7,0,76,19,19,10.85,70,108.57,0,0,1,14,0,Pakistan,1104,1091
Awais Zia ,2012-2014,2012,2014,5,5,0,70,23,23,14,80,87.5,0,0,0,4,3,Pakistan,1052,1089
Shoaib Khan jnr ,2008-2008,2008,2008,4,4,0,65,50,50,16.25,74,87.83,0,1,1,7,0,Pakistan,955,780
Mohammad Yousuf ,2006-2010,2006,2010,3,3,0,50,26,26,16.66,43,116.27,0,0,0,5,1,Pakistan,26,956
Hasan Ali ,2016-2018,2016,2018,27,7,4,49,23,23,16.33,28,175,0,0,2,3,4,Pakistan,116,29
Mohammad Amir ,2009-2018,2009,2018,41,10,4,44,21*,21,7.33,57,77.19,0,0,1,1,2,Pakistan,713,686
Saad Nasim ,2014-2014,2014,2014,3,2,0,44,25,25,22,53,83.01,0,0,0,0,1,Pakistan,850,946
Sahibzada Farhan ,2018-2018,2018,2018,3,3,0,40,39,39,13.33,46,86.95,0,0,1,2,3,Pakistan,934,207
Rafatullah Mohmand ,2015-2015,2015,2015,3,3,0,39,23,23,13,45,86.66,0,0,1,4,0,Pakistan,1025,81
Hammad Azam ,2012-2013,2012,2013,5,4,1,34,21,21,11.33,34,100,0,0,0,3,1,Pakistan,223,864
Zulfiqar Babar ,2013-2014,2013,2014,7,3,3,27,13*,13,-,27,100,0,0,0,2,1,Pakistan,290,301
Rameez Raja ,2011-2011,2011,2011,2,2,0,24,23,23,12,29,82.75,0,0,0,2,0,Pakistan,937,1102
Bilawal Bhatti ,2013-2015,2013,2015,9,4,2,23,13*,13,11.5,14,164.28,0,0,1,2,1,Pakistan,1017,566
Zulqarnain Haider ,2007-2010,2007,2010,3,3,0,23,17,17,7.66,30,76.66,0,0,0,1,0,Pakistan,1038,1052
Abdur Rehman ,2007-2013,2007,2013,8,5,3,22,7*,7,11,29,75.86,0,0,0,0,0,Pakistan,606,532
Mohammad Sami ,2010-2016,2010,2016,13,4,3,21,8,8,21,30,70,0,0,0,2,0,Pakistan,803,290
Shoaib Akhtar ,2006-2010,2006,2010,15,6,3,21,8*,8,7,16,131.25,0,0,1,2,1,Pakistan,1013,425
Nauman Anwar ,2015-2015,2015,2015,1,1,0,18,18,18,18,10,180,0,0,0,2,1,Pakistan,434,1013
Naved-ul-Hasan ,2006-2010,2006,2010,4,2,1,18,17*,17,18,16,112.5,0,0,0,0,2,Pakistan,754,173
Raza Hasan ,2012-2014,2012,2014,10,4,4,18,13*,13,-,25,72,0,0,0,2,0,Pakistan,366,371
Aamer Yamin ,2015-2018,2015,2018,2,1,1,15,15*,15,-,6,250,0,0,0,1,1,Pakistan,226,554
Mohammad Nawaz ,2016-2018,2016,2018,16,2,0,13,7,7,6.5,20,65,0,0,0,1,0,Pakistan,126,755
Inzamam-ul-Haq ,2006-2006,2006,2006,1,1,1,11,11*,11,-,15,73.33,0,0,0,0,1,Pakistan,814,68
Khurram Manzoor ,2016-2016,2016,2016,3,3,0,11,10,10,3.66,27,40.74,0,0,1,1,0,Pakistan,104,905
Yasir Shah ,2011-2011,2011,2011,2,1,1,11,11*,11,-,7,157.14,0,0,0,1,0,Pakistan,244,32
Mohammad Asif ,2006-2010,2006,2010,11,3,3,9,5*,5,-,3,300,0,0,0,2,0,Pakistan,231,971
Mohammad Salman ,2011-2011,2011,2011,1,1,0,5,5,5,5,6,83.33,0,0,0,0,0,Pakistan,1096,255
Mohammad Irfan ,2012-2016,2012,2016,20,4,4,4,2*,2,-,8,50,0,0,0,0,0,Pakistan,720,209
Junaid Khan ,2011-2014,2011,2014,9,2,2,3,3*,3,-,4,75,0,0,0,0,0,Pakistan,907,47
Usman Shinwari ,2013-2018,2013,2018,13,2,2,2,2*,2,-,3,66.66,0,0,0,0,0,Pakistan,17,259
Sohail Khan ,2008-2017,2008,2017,5,1,1,1,1*,1,-,1,100,0,0,0,0,0,Pakistan,991,826
Aizaz Cheema ,2011-2012,2011,2012,5,1,1,0,0*,0,-,3,0,0,0,0,0,0,Pakistan,580,914
Iftikhar Ahmed ,2016-2016,2016,2016,1,1,1,0,0*,0,-,0,-,0,0,0,0,0,Pakistan,54,472
Imran Khan ,2015-2015,2015,2015,3,1,0,0,0,0,0,1,0,0,0,1,0,0,Pakistan,566,215
Rumman Raees ,2016-2018,2016,2018,8,1,1,0,0*,0,-,0,-,0,0,0,0,0,Pakistan,449,713
Shakeel Ansar ,2012-2012,2012,2012,2,1,0,0,0,0,0,1,0,0,0,1,0,0,Pakistan,364,68
Abdur Rauf ,2008-2008,2008,2008,1,-,-,-,-,-,-,-,-,-,-,-,-,-,Pakistan,884,117
Asad Ali ,2013-2013,2013,2013,2,-,-,-,-,-,-,-,-,-,-,-,-,-,Pakistan,1064,676
Iftikhar Anjum ,2007-2009,2007,2009,2,-,-,-,-,-,-,-,-,-,-,-,-,-,Pakistan,613,849
Mansoor Amjad ,2008-2008,2008,2008,1,-,-,-,-,-,-,-,-,-,-,-,-,-,Pakistan,507,370
Shabbir Ahmed ,2007-2007,2007,2007,1,-,-,-,-,-,-,-,-,-,-,-,-,-,Pakistan,219,921
Shaheen Shah Afridi ,2018-2018,2018,2018,7,-,-,-,-,-,-,-,-,-,-,-,-,-,Pakistan,40,1067
Tanvir Ahmed ,2010-2010,2010,2010,1,-,-,-,-,-,-,-,-,-,-,-,-,-,Pakistan,605,137
Waqas Maqsood ,2018-2018,2018,2018,1,-,-,-,-,-,-,-,-,-,-,-,-,-,Pakistan,916,219
TM Dilshan ,2006-2016,2006,2016,80,79,12,1889,104*,104,28.19,1567,120.54,1,13,10,223,33,Sri Lanka,660,228
DPMD Jayawardene ,2006-2014,2006,2014,55,55,8,1493,100,100,31.76,1121,133.18,1,9,4,173,33,Sri Lanka,229,807
KC Sangakkara ,2006-2014,2006,2014,56,53,9,1382,78,78,31.4,1156,119.55,0,8,2,139,20,Sri Lanka,909,199
AD Mathews ,2009-2018,2009,2018,72,57,18,1055,81*,81,27.05,893,118.14,0,5,1,67,35,Sri Lanka,316,15
MDKJ Perera ,2013-2018,2013,2018,35,35,0,1023,84,84,29.22,743,137.68,0,10,0,102,38,Sri Lanka,300,516
NLTC Perera ,2010-2018,2010,2018,71,62,20,920,58,58,21.9,619,148.62,0,2,8,71,46,Sri Lanka,163,532
LD Chandimal ,2010-2018,2010,2018,54,47,4,800,58,58,18.6,766,104.43,0,4,0,73,16,Sri Lanka,187,888
CK Kapugedera ,2006-2017,2006,2017,43,38,7,703,50,50,22.67,591,118.95,0,1,0,58,25,Sri Lanka,795,376
ST Jayasuriya ,2006-2011,2006,2011,31,30,3,629,88,88,23.29,487,129.15,0,4,4,76,23,Sri Lanka,915,2
WU Tharanga ,2006-2018,2006,2018,26,26,1,407,47,47,16.28,330,123.33,0,0,3,42,12,Sri Lanka,171,910
BKG Mendis ,2016-2018,2016,2018,16,16,0,333,70,70,20.81,223,149.32,0,4,0,29,16,Sri Lanka,651,793
MD Shanaka ,2015-2018,2015,2018,26,26,5,329,54,54,15.66,291,113.05,0,1,6,23,19,Sri Lanka,498,1018
MD Gunathilaka ,2016-2018,2016,2018,15,15,0,310,51,51,20.66,248,125,0,1,0,29,10,Sri Lanka,353,1083
HDRL Thirimanne ,2012-2016,2012,2016,26,20,2,291,44,44,16.16,267,108.98,0,0,1,27,5,Sri Lanka,825,895
TAM Siriwardana ,2015-2017,2015,2017,22,19,3,275,42,42,17.18,208,132.21,0,0,4,16,12,Sri Lanka,388,661
N Dickwella ,2016-2018,2016,2018,14,13,0,252,68,68,19.38,186,135.48,0,1,0,37,5,Sri Lanka,335,399
J Mubarak ,2007-2009,2007,2009,16,15,4,238,46*,46,21.63,188,126.59,0,0,2,21,8,Sri Lanka,627,188
DAS Gunaratne ,2016-2017,2016,2017,12,12,3,225,84*,84,25,178,126.4,0,2,2,19,6,Sri Lanka,494,20
DM de Silva ,2015-2018,2015,2018,9,9,0,215,62,62,23.88,199,108.04,0,1,0,16,4,Sri Lanka,401,213
KMDN Kulasekara ,2008-2017,2008,2017,58,30,9,215,31,31,10.23,184,116.84,0,0,4,14,7,Sri Lanka,924,326
EMDY Munaweera ,2012-2017,2012,2017,13,13,1,215,53,53,17.91,164,131.09,0,1,1,25,7,Sri Lanka,367,336
S Prasanna ,2013-2017,2013,2017,20,20,6,214,37*,37,15.28,161,132.91,0,0,0,13,13,Sri Lanka,671,828
BMAJ Mendis ,2011-2018,2011,2018,22,15,4,207,43*,43,18.81,174,118.96,0,0,1,18,6,Sri Lanka,771,858
LPC Silva ,2006-2011,2006,2011,16,15,2,175,38,38,13.46,177,98.87,0,0,0,19,3,Sri Lanka,3,762
GSNFG Jayasuriya ,2015-2016,2015,2016,11,10,0,157,40,40,15.7,141,111.34,0,0,0,11,7,Sri Lanka,5,860
ML Udawatte ,2008-2017,2008,2017,8,8,0,96,25,25,12,87,110.34,0,0,2,10,2,Sri Lanka,593,490
S Samarawickrama ,2017-2017,2017,2017,5,5,0,85,32,32,17,80,106.25,0,0,0,8,0,Sri Lanka,113,803
SL Malinga ,2006-2018,2006,2018,69,22,8,78,27,27,5.57,101,77.22,0,0,5,3,3,Sri Lanka,154,619
SMSM Senanayake ,2012-2016,2012,2016,24,12,6,56,17,17,9.33,66,84.84,0,0,2,3,1,Sri Lanka,854,698
SMA Priyanjan ,2017-2017,2017,2017,3,3,2,54,40*,40,54,62,87.09,0,0,0,1,2,Sri Lanka,329,1011
CU Jayasinghe ,2009-2010,2009,2010,5,3,2,49,38,38,49,49,100,0,0,0,3,1,Sri Lanka,918,463
K Weeraratne ,2008-2009,2008,2009,5,5,2,49,20*,20,16.33,45,108.88,0,0,0,4,1,Sri Lanka,749,874
I Udana ,2009-2018,2009,2018,18,10,5,41,19*,19,8.2,36,113.88,0,0,2,4,1,Sri Lanka,585,444
KDK Vithanage ,2014-2016,2014,2016,3,3,0,40,38,38,13.33,34,117.64,0,0,0,7,0,Sri Lanka,331,613
MF Maharoof ,2006-2016,2006,2016,8,5,1,33,13*,13,8.25,43,76.74,0,0,1,0,1,Sri Lanka,429,1099
RJMGM Rupasinghe ,2009-2009,2009,2009,2,2,0,33,18,18,16.5,39,84.61,0,0,0,2,0,Sri Lanka,167,396
WPUJC Vaas ,2006-2007,2006,2007,6,2,1,33,21,21,33,41,80.48,0,0,0,1,0,Sri Lanka,52,855
PVD Chameera ,2015-2018,2015,2018,19,10,6,31,12,12,7.75,40,77.5,0,0,2,3,0,Sri Lanka,449,319
A Dananjaya ,2012-2018,2012,2018,16,7,3,31,11*,11,7.75,36,86.11,0,0,0,3,0,Sri Lanka,924,149
SS Pathirana ,2016-2017,2016,2017,5,5,0,27,14,14,5.4,24,112.5,0,0,0,3,0,Sri Lanka,567,816
CRD Fernando ,2006-2016,2006,2016,18,7,2,25,21,21,5,27,92.59,0,0,2,4,0,Sri Lanka,439,1028
PHKD Mendis ,2018-2018,2018,2018,1,1,0,24,24,24,24,14,171.42,0,0,0,3,1,Sri Lanka,405,116
PC de Silva ,2017-2017,2017,2017,2,2,0,22,21,21,11,22,100,0,0,0,1,0,Sri Lanka,921,399
JRMVB Sanjaya ,2017-2017,2017,2017,8,5,2,20,6,6,6.66,18,111.11,0,0,0,3,0,Sri Lanka,499,554
HGJM Kulatunga ,2008-2008,2008,2008,2,2,0,19,11,11,9.5,38,50,0,0,0,0,0,Sri Lanka,173,664
RLB Rambukwella ,2013-2016,2013,2016,2,1,0,19,19,19,19,16,118.75,0,0,0,1,1,Sri Lanka,800,280
LHD Dilhara ,2008-2008,2008,2008,2,1,1,18,18*,18,-,9,200,0,0,0,0,1,Sri Lanka,418,508
JDF Vandersay ,2015-2016,2015,2016,7,5,4,15,8*,8,15,17,88.23,0,0,0,2,0,Sri Lanka,367,247
SHT Kandamby ,2008-2011,2008,2011,5,4,0,13,10,10,3.25,21,61.9,0,0,1,0,0,Sri Lanka,250,85
HMCM Bandara ,2006-2009,2006,2009,4,3,1,12,7,7,6,15,80,0,0,0,0,0,Sri Lanka,323,222
KS Lokuarachchi ,2012-2012,2012,2012,2,2,0,11,11,11,5.5,13,84.61,0,0,1,1,0,Sri Lanka,462,1106
B Fernando ,2015-2015,2015,2015,2,1,1,8,8*,8,-,12,66.66,0,0,0,1,0,Sri Lanka,723,634
HMRKB Herath ,2011-2016,2011,2016,17,6,3,8,3,3,2.66,12,66.66,0,0,0,0,0,Sri Lanka,843,899
S Randiv ,2010-2011,2010,2011,7,2,0,8,6,6,4,6,133.33,0,0,0,1,0,Sri Lanka,861,910
BAW Mendis ,2008-2014,2008,2014,39,8,5,8,4*,4,2.66,17,47.05,0,0,0,1,0,Sri Lanka,1052,740
RP Arnold ,2006-2006,2006,2006,1,1,0,7,7,7,7,7,100,0,0,0,0,0,Sri Lanka,473,344
RAS Lakmal ,2011-2018,2011,2018,10,5,3,7,5*,5,3.5,8,87.5,0,0,1,1,0,Sri Lanka,14,756
RMS Eranga ,2012-2013,2012,2013,3,1,0,6,6,6,6,7,85.71,0,0,0,1,0,Sri Lanka,913,252
MS Atapattu ,2006-2006,2006,2006,2,1,0,5,5,5,5,8,62.5,0,0,0,0,0,Sri Lanka,893,281
AK Perera ,2013-2014,2013,2014,2,1,0,4,4,4,4,8,50,0,0,0,0,0,Sri Lanka,436,894
T Thushara ,2008-2010,2008,2010,6,2,0,4,3,3,2,8,50,0,0,0,0,0,Sri Lanka,1095,741
ST de Silva ,2017-2017,2017,2017,3,2,0,3,3,3,1.5,7,42.85,0,0,1,0,0,Sri Lanka,540,346
CAK Rajitha ,2016-2018,2016,2018,4,2,2,3,3*,3,-,12,25,0,0,0,0,0,Sri Lanka,780,1079
KMC Bandara ,2016-2016,2016,2016,1,1,1,2,2*,2,-,4,50,0,0,0,0,0,Sri Lanka,1000,25
MVT Fernando ,2017-2017,2017,2017,1,1,0,2,2,2,2,2,100,0,0,0,0,0,Sri Lanka,313,176
UWMBCA Welegedara ,2010-2010,2010,2010,2,1,1,2,2*,2,-,3,66.66,0,0,0,0,0,Sri Lanka,785,268
M Muralitharan ,2006-2010,2006,2010,12,2,0,1,1,1,0.5,5,20,0,0,1,0,0,Sri Lanka,645,856
MDK Perera ,2011-2011,2011,2011,3,2,0,1,1,1,0.5,6,16.66,0,0,1,0,0,Sri Lanka,548,169
PADLR Sandakan ,2017-2018,2017,2018,5,1,1,1,1*,1,-,1,100,0,0,0,0,0,Sri Lanka,358,704
G Wijekoon ,2007-2007,2007,2007,3,2,1,1,1*,1,1,5,20,0,0,1,0,0,Sri Lanka,903,184
MA Aponso ,2018-2018,2018,2018,3,1,0,0,0,0,0,2,0,0,0,1,0,0,Sri Lanka,1034,496
N Pradeep ,2016-2018,2016,2018,9,4,3,0,0*,0,0,6,0,0,0,1,0,0,Sri Lanka,240,879
PDRL Perera ,2006-2006,2006,2006,2,2,2,0,0*,0,-,0,-,0,0,0,0,0,Sri Lanka,539,539
SI de Saram ,2009-2009,2009,2009,1,-,-,-,-,-,-,-,-,-,-,-,-,-,Sri Lanka,976,1034
DSK Madushanka ,2018-2018,2018,2018,2,-,-,-,-,-,-,-,-,-,-,-,-,-,Sri Lanka,643,404
KTGD Prasad ,2011-2011,2011,2011,1,-,-,-,-,-,-,-,-,-,-,-,-,-,Sri Lanka,264,94
M Pushpakumara ,2009-2009,2009,2009,1,-,-,-,-,-,-,-,-,-,-,-,-,-,Sri Lanka,237,1077
H Masakadza ,2006-2018,2006,2018,58,58,2,1516,93*,93,27.07,1295,117.06,0,10,0,139,58,Zimbabwe,649,369
E Chigumbura ,2006-2018,2006,2018,53,52,9,823,54*,54,19.13,579,142.14,0,3,6,58,48,Zimbabwe,1064,197
BRM Taylor ,2006-2018,2006,2018,30,30,5,660,75*,75,26.4,565,116.81,0,5,4,58,18,Zimbabwe,114,377
CJ Chibhabha ,2006-2018,2006,2018,33,32,0,621,67,67,19.4,570,108.94,0,5,3,72,12,Zimbabwe,989,363
MN Waller ,2011-2018,2011,2018,32,31,8,613,68,68,26.65,443,138.37,0,1,2,42,28,Zimbabwe,968,374
SC Williams ,2006-2018,2006,2018,26,26,2,563,58*,58,23.45,459,122.65,0,3,2,52,11,Zimbabwe,966,1014
V Sibanda ,2007-2016,2007,2016,26,26,1,511,59,59,20.44,503,101.59,0,1,3,52,11,Zimbabwe,483,1071
Sikandar Raza ,2013-2018,2013,2018,28,27,0,382,59,59,14.14,357,107,0,1,0,33,7,Zimbabwe,261,1023
T Taibu ,2007-2012,2007,2012,17,15,6,259,45*,45,28.77,257,100.77,0,0,2,19,2,Zimbabwe,239,59
SF Mire ,2018-2018,2018,2018,7,7,0,249,94,94,35.57,192,129.68,0,2,0,22,13,Zimbabwe,226,187
PJ Moor ,2016-2018,2016,2018,16,14,3,238,44,44,21.63,195,122.05,0,0,0,11,16,Zimbabwe,879,964
CR Ervine ,2010-2015,2010,2015,16,15,0,229,42,42,15.26,287,79.79,0,0,1,21,2,Zimbabwe,876,177
R Mutumbami ,2015-2016,2015,2016,14,14,3,173,43,43,15.72,168,102.97,0,0,1,11,8,Zimbabwe,932,677
CK Coventry ,2010-2015,2010,2015,13,12,2,127,30,30,12.7,90,141.11,0,0,2,14,6,Zimbabwe,1062,1085
TK Musakanda ,2018-2018,2018,2018,6,6,0,98,43,43,16.33,80,122.5,0,0,2,7,2,Zimbabwe,237,82
P Utseya ,2006-2015,2006,2015,35,21,9,94,13*,13,7.83,115,81.73,0,0,3,6,1,Zimbabwe,541,328
T Maruma ,2008-2016,2008,2016,10,10,4,86,23*,23,14.33,83,103.61,0,0,1,6,3,Zimbabwe,968,1088
S Matsikenyeri ,2006-2012,2006,2012,10,10,0,76,32,32,7.6,82,92.68,0,0,2,6,3,Zimbabwe,623,870
AG Cremer ,2008-2018,2008,2018,29,19,6,68,17,17,5.23,102,66.66,0,0,2,2,0,Zimbabwe,279,1038
LM Jongwe ,2015-2016,2015,2016,8,7,0,60,34,34,8.57,65,92.3,0,0,2,4,1,Zimbabwe,986,557
N Madziva ,2015-2016,2015,2016,9,7,4,60,28*,28,20,50,120,0,0,1,4,3,Zimbabwe,161,671
RP Burl ,2018-2018,2018,2018,4,4,0,57,30,30,14.25,70,81.42,0,0,0,3,0,Zimbabwe,169,555
C Zhuwao ,2008-2018,2008,2018,7,7,0,48,24,24,6.85,66,72.72,0,0,4,7,1,Zimbabwe,679,31
KM Dabengwa ,2006-2010,2006,2010,8,7,3,46,16*,16,11.5,40,115,0,0,0,4,2,Zimbabwe,666,1096
B Mavuta ,2018-2018,2018,2018,3,3,2,41,28,28,41,23,178.26,0,0,0,3,2,Zimbabwe,779,42
TS Chisoro ,2015-2018,2015,2018,12,6,2,40,14*,14,10,42,95.23,0,0,0,2,2,Zimbabwe,788,837
F Mutizwa ,2011-2012,2011,2012,3,3,0,38,22,22,12.66,36,105.55,0,0,1,3,0,Zimbabwe,837,965
GA Lamb ,2010-2010,2010,2010,5,4,2,32,14*,14,16,54,59.25,0,0,1,1,0,Zimbabwe,649,65
WP Masakadza ,2015-2018,2015,2018,9,6,3,25,6*,6,8.33,30,83.33,0,0,0,2,0,Zimbabwe,295,138
T Panyangara ,2013-2016,2013,2016,14,5,4,23,17*,17,23,17,135.29,0,0,0,1,2,Zimbabwe,246,930
RW Chakabva ,2008-2015,2008,2015,5,5,0,18,13,13,3.6,40,45,0,0,2,1,0,Zimbabwe,777,186
SW Masakadza ,2010-2013,2010,2013,7,5,1,18,9,9,4.5,24,75,0,0,1,1,0,Zimbabwe,641,700
CT Mutombodzi ,2013-2016,2013,2016,5,5,1,18,12*,12,4.5,24,75,0,0,1,1,0,Zimbabwe,252,771
CB Mpofu ,2008-2018,2008,2018,24,7,4,16,6*,6,5.33,30,53.33,0,0,2,0,1,Zimbabwe,299,68
TL Chatara ,2010-2018,2010,2018,13,2,0,15,8,8,7.5,17,88.23,0,0,0,1,0,Zimbabwe,1103,325
RW Price ,2008-2012,2008,2012,16,9,4,15,7*,7,3,28,53.57,0,0,1,1,0,Zimbabwe,234,352
DT Tiripano ,2016-2018,2016,2018,9,5,2,15,11*,11,5,22,68.18,0,0,2,0,1,Zimbabwe,862,1070
KM Jarvis ,2011-2018,2011,2018,14,7,2,10,9*,9,2,28,35.71,0,0,4,0,0,Zimbabwe,1010,583
AM Blignaut ,2010-2010,2010,2010,1,1,0,8,8,8,8,8,100,0,0,0,1,0,Zimbabwe,302,855
BV Vitori ,2012-2016,2012,2016,11,2,2,8,7*,7,-,7,114.28,0,0,0,0,0,Zimbabwe,748,325
J Nyumbu ,2018-2018,2018,2018,2,2,2,7,6*,6,-,11,63.63,0,0,0,1,0,Zimbabwe,383,775
KO Meth ,2012-2012,2012,2012,2,1,1,6,6*,6,-,6,100,0,0,0,0,0,Zimbabwe,1088,888
T Mupariwa ,2007-2008,2007,2008,4,2,2,5,3*,3,-,3,166.66,0,0,0,0,0,Zimbabwe,579,464
N M'shangwe (2013-2014),2013-2014,2013,2014,5,2,1,5,5*,5,5,4,125,0,0,1,1,0,Zimbabwe,531,367
GB Brent ,2006-2007,2006,2007,3,1,0,2,2,2,2,5,40,0,0,0,0,0,Zimbabwe,131,449
AJ Ireland ,2006-2006,2006,2006,1,1,1,2,2*,2,-,3,66.66,0,0,0,0,0,Zimbabwe,881,308
B Muzarabani ,2018-2018,2018,2018,6,3,2,1,1*,1,1,5,20,0,0,1,0,0,Zimbabwe,839,855
ML Nkala ,2006-2006,2006,2006,1,1,0,1,1,1,1,3,33.33,0,0,0,0,0,Zimbabwe,654,473
EC Rainsford ,2010-2010,2010,2010,2,1,1,1,1*,1,-,2,50,0,0,0,0,0,Zimbabwe,600,837
T Muzarabani ,2015-2016,2015,2016,9,1,1,0,0*,0,-,2,0,0,0,0,0,0,Zimbabwe,894,465
TP Kamungozi ,2014-2014,2014,2014,1,-,-,-,-,-,-,-,-,-,-,-,-,-,Zimbabwe,829,691
W Barresi ,2012-2018,2012,2018,38,37,5,764,75*,75,23.87,649,117.71,0,4,3,65,21,Netherlands,161,525
SJ Myburgh ,2012-2017,2012,2017,28,27,2,640,71*,71,25.6,519,123.31,0,5,5,73,21,Netherlands,682,1107
PW Borren ,2008-2017,2008,2017,43,38,5,638,57,57,19.33,524,121.75,0,1,2,60,18,Netherlands,59,754
MR Swart ,2012-2016,2012,2016,26,25,2,621,89,89,27,537,115.64,0,4,1,53,16,Netherlands,580,77
BN Cooper ,2013-2018,2013,2018,30,27,5,457,66,66,20.77,392,116.58,0,2,4,40,16,Netherlands,749,188
TLW Cooper ,2012-2016,2012,2016,18,17,3,404,72*,72,28.85,306,132.02,0,2,2,38,16,Netherlands,1001,1021
AN Kervezee ,2009-2012,2009,2012,10,10,1,289,58*,58,32.11,262,110.3,0,2,0,19,6,Netherlands,339,404
RN ten Doeschate ,2008-2018,2008,2018,10,10,4,252,56,56,42,193,130.56,0,1,0,12,8,Netherlands,960,884
ES Szwarczynski ,2008-2013,2008,2013,14,12,1,233,45,45,21.18,243,95.88,0,0,0,22,2,Netherlands,902,118
MJG Rippon ,2013-2018,2013,2018,18,11,4,216,42,42,30.85,192,112.5,0,0,2,15,3,Netherlands,564,392
MP O'Dowd (2015-2018),2015-2018,2015,2018,12,11,2,164,39,39,18.22,137,119.7,0,0,0,14,3,Netherlands,371,735
TN de Grooth ,2008-2013,2008,2013,15,13,5,163,49,49,20.37,155,105.16,0,0,0,16,1,Netherlands,757,92
Mudassar Bukhari ,2008-2016,2008,2016,38,26,8,157,28*,28,8.72,152,103.28,0,0,1,10,4,Netherlands,566,334
RE van der Merwe ,2015-2018,2015,2018,12,10,3,154,40*,40,22,108,142.59,0,0,0,13,4,Netherlands,448,153
PM Seelaar ,2008-2018,2008,2018,44,20,5,136,36,36,9.06,138,98.55,0,0,1,9,1,Netherlands,755,885
B Zuiderent ,2009-2010,2009,2010,6,6,1,108,43*,43,21.6,124,87.09,0,0,0,8,1,Netherlands,949,862
TP Visee ,2015-2018,2015,2018,9,9,0,102,25,25,11.33,75,136,0,0,2,18,1,Netherlands,636,864
DLS van Bunge ,2008-2013,2008,2013,14,12,4,90,24,24,11.25,104,86.53,0,0,2,2,3,Netherlands,1094,889
SA Edwards ,2018-2018,2018,2018,5,5,3,85,34*,34,42.5,54,157.4,0,0,0,9,2,Netherlands,936,772
DJ Reekers ,2008-2009,2008,2009,6,5,0,64,29,29,12.8,49,130.61,0,0,1,10,2,Netherlands,378,118
T van der Gugten ,2012-2018,2012,2018,27,9,3,58,13,13,9.66,52,111.53,0,0,1,1,3,Netherlands,1087,779
TGJ Gruijters ,2012-2013,2012,2013,8,5,3,51,21*,21,25.5,47,108.51,0,0,0,3,1,Netherlands,210,435
BFW de Leede ,2018-2018,2018,2018,4,4,1,48,33,33,16,59,81.35,0,0,0,3,0,Netherlands,438,404
RI Ahmed ,2015-2015,2015,2015,2,2,0,38,25,25,19,50,76,0,0,0,2,0,Netherlands,103,678
PA van Meekeren ,2013-2018,2013,2018,23,6,0,33,18,18,5.5,28,117.85,0,0,2,0,3,Netherlands,913,799
Ahsan Malik ,2012-2017,2012,2017,31,8,5,28,11*,11,9.33,30,93.33,0,0,1,1,1,Netherlands,1022,350
Sikander Zulfiqar ,2016-2018,2016,2018,5,4,1,23,9*,9,7.66,27,85.18,0,0,0,2,0,Netherlands,1085,523
J Smits ,2008-2009,2008,2009,6,2,1,15,11*,11,15,27,55.55,0,0,0,0,0,Netherlands,436,70
S Snater ,2018-2018,2018,2018,4,2,0,8,6,6,4,7,114.28,0,0,0,0,0,Netherlands,1049,700
E Schiferli ,2008-2010,2008,2010,7,3,1,7,5*,5,3.5,16,43.75,0,0,1,0,0,Netherlands,647,868
LV van Beek ,2014-2016,2014,2016,8,4,1,7,4*,4,2.33,15,46.66,0,0,0,0,0,Netherlands,876,605
DP Nannes ,2009-2009,2009,2009,2,1,0,6,6,6,6,7,85.71,0,0,0,0,0,Netherlands,647,367
FJ Klaassen ,2018-2018,2018,2018,5,2,1,2,1*,1,2,2,100,0,0,0,0,0,Netherlands,130,409
MBS Jonkman ,2010-2010,2010,2010,3,1,0,1,1,1,1,8,12.5,0,0,0,0,0,Netherlands,59,1037
VJ Kingma ,2016-2016,2016,2016,1,1,0,1,1,1,1,4,25,0,0,0,0,0,Netherlands,555,773
Saqib Zulfiqar ,2018-2018,2018,2018,2,1,0,1,1,1,1,5,20,0,0,0,0,0,Netherlands,44,376
AF Buurman ,2010-2010,2010,2010,4,2,0,0,0,0,0,4,0,0,0,2,0,0,Netherlands,691,321
Mohammad Kashif ,2010-2010,2010,2010,3,1,1,0,0*,0,-,0,-,0,0,0,0,0,Netherlands,684,422
HJC Mol ,2008-2008,2008,2008,4,1,0,0,0,0,0,1,0,0,0,1,0,0,Netherlands,979,512
GMC Mol ,2008-2008,2008,2008,1,-,-,-,-,-,-,-,-,-,-,-,-,-,Netherlands,1013,703
HC Overdijk ,2018-2018,2018,2018,1,-,-,-,-,-,-,-,-,-,-,-,-,-,Netherlands,752,672
JD Schoonheim ,2008-2008,2008,2008,1,-,-,-,-,-,-,-,-,-,-,-,-,-,Netherlands,60,924
MB van Schelven ,2015-2015,2015,2015,2,-,-,-,-,-,-,-,-,-,-,-,-,-,Netherlands,406,277
Babar Hayat ,2014-2017,2014,2017,24,24,4,541,122,122,27.05,433,124.94,1,2,2,45,20,Hong Kong,1083,806
MS Chapman ,2014-2016,2014,2016,19,18,1,392,63*,63,23.05,347,112.96,0,1,0,34,9,Hong Kong,66,519
Nizakat Khan ,2014-2017,2014,2017,23,21,0,377,62,62,17.95,314,120.06,0,2,3,27,15,Hong Kong,879,556
Anshuman Rath ,2015-2017,2015,2017,20,19,2,321,44,44,18.88,344,93.31,0,0,1,31,2,Hong Kong,832,367
Tanwir Afzal ,2014-2016,2014,2016,21,18,2,219,56,56,13.68,173,126.58,0,1,4,9,15,Hong Kong,1062,84
JJ Atkinson ,2014-2016,2014,2016,13,12,0,202,53,53,16.83,187,108.02,0,1,3,22,6,Hong Kong,461,956
Aizaz Khan ,2014-2017,2014,2017,23,20,7,186,31,31,14.3,176,105.68,0,0,2,17,4,Hong Kong,965,1077
Waqas Barkat ,2014-2017,2014,2017,11,9,2,90,32,32,12.85,101,89.1,0,0,1,10,0,Hong Kong,568,473
Ehsan Khan ,2016-2017,2016,2017,4,3,2,81,42*,42,81,62,130.64,0,0,0,6,4,Hong Kong,1089,525
KD Shah ,2014-2016,2014,2016,15,11,2,77,29,29,8.55,98,78.57,0,0,3,7,1,Hong Kong,779,1092
Irfan Ahmed ,2014-2015,2014,2015,8,8,0,76,34,34,9.5,83,91.56,0,0,2,4,6,Hong Kong,378,1093
Waqas Khan ,2014-2017,2014,2017,8,7,3,68,33*,33,17,89,76.4,0,0,1,3,2,Hong Kong,454,106
C Carter ,2015-2017,2015,2017,10,5,1,55,17,17,13.75,63,87.3,0,0,0,3,0,Hong Kong,502,138
Shahid Wasif ,2016-2017,2016,2017,4,4,2,49,40,40,24.5,33,148.48,0,0,0,3,1,Hong Kong,989,497
Haseeb Amjad ,2014-2016,2014,2016,18,10,6,45,12*,12,11.25,45,100,0,0,0,3,1,Hong Kong,457,603
Munir Dar ,2014-2014,2014,2014,2,2,0,39,36,36,19.5,33,118.18,0,0,0,3,1,Hong Kong,711,46
RJ Campbell ,2016-2016,2016,2016,3,3,0,36,27,27,12,47,76.59,0,0,1,6,0,Hong Kong,265,85
Nadeem Ahmed ,2014-2017,2014,2017,24,9,4,34,10,10,6.8,55,61.81,0,0,1,2,0,Hong Kong,432,121
Anas Khan ,2014-2014,2014,2014,1,1,1,21,21*,21,-,28,75,0,0,0,2,0,Hong Kong,98,89
Tanveer Ahmed ,2016-2017,2016,2017,5,2,1,7,7*,7,7,11,63.63,0,0,1,1,0,Hong Kong,873,305
Najeeb Amar ,2014-2014,2014,2014,1,1,0,2,2,2,2,9,22.22,0,0,0,0,0,Hong Kong,411,228
Ehsan Nawaz ,2014-2017,2014,2017,5,1,0,0,0,0,0,2,0,0,0,1,0,0,Hong Kong,83,133
A Mehmood ,2016-2016,2016,2016,2,1,1,0,0*,0,-,1,0,0,0,0,0,0,Hong Kong,831,151
A Vala ,2015-2017,2015,2017,9,9,1,139,34*,34,17.37,161,86.33,0,0,0,11,3,P.N.G.,17,615
S Bau ,2016-2017,2016,2017,6,6,1,116,30,30,23.2,106,109.43,0,0,1,4,5,P.N.G.,379,641
MD Dai ,2015-2017,2015,2017,9,8,0,105,31,31,13.12,128,82.03,0,0,0,4,0,P.N.G.,1044,1021
N Vanua ,2015-2017,2015,2017,9,8,4,102,28*,28,25.5,62,164.51,0,0,1,4,7,P.N.G.,70,433
TP Ura ,2015-2017,2015,2017,6,6,0,99,32,32,16.5,87,113.79,0,0,0,13,1,P.N.G.,977,463
CJA Amini ,2015-2016,2015,2016,6,5,1,90,37*,37,22.5,97,92.78,0,0,0,4,1,P.N.G.,879,810
L Siaka ,2015-2017,2015,2017,9,9,0,78,31,31,8.66,91,85.71,0,0,2,7,2,P.N.G.,1090,731
JNT Vare ,2015-2017,2015,2017,8,7,0,68,38,38,9.71,71,95.77,0,0,0,4,0,P.N.G.,113,170
K Pala ,2015-2015,2015,2015,2,2,1,41,22*,22,41,30,136.66,0,0,0,4,2,P.N.G.,327,727
VV Morea ,2015-2017,2015,2017,5,5,0,35,19,19,7,44,79.54,0,0,1,4,0,P.N.G.,800,102
CA Soper ,2015-2017,2015,2017,5,3,2,18,8*,8,18,33,54.54,0,0,0,0,0,P.N.G.,505,219
JB Reva ,2015-2017,2015,2017,6,4,0,16,7,7,4,22,72.72,0,0,0,1,1,P.N.G.,97,1060
N Pokana ,2016-2016,2016,2016,3,2,1,10,8*,8,10,17,58.82,0,0,0,0,0,P.N.G.,695,124
P Raho ,2016-2016,2016,2016,2,2,2,10,8*,8,-,6,166.66,0,0,0,0,1,P.N.G.,1094,1012
A Nao ,2017-2017,2017,2017,2,2,2,7,7*,7,-,4,175,0,0,0,1,0,P.N.G.,943,1051
WT Gavera ,2015-2017,2015,2017,6,2,0,3,2,2,1.5,6,50,0,0,0,0,0,P.N.G.,648,712
H Hiri ,2016-2016,2016,2016,2,2,0,2,1,1,1,5,40,0,0,0,0,0,P.N.G.,64,559
L Nou ,2015-2015,2015,2015,3,1,1,2,2*,2,-,3,66.66,0,0,0,0,0,P.N.G.,977,819
D Bau ,2017-2017,2017,2017,1,-,-,-,-,-,-,-,-,-,-,-,-,-,P.N.G.,829,985
Tamim Iqbal ,2007-2018,2007,2018,71,71,5,1556,103*,103,23.57,1328,117.16,1,6,6,166,40,Bangladesh,731,651
Shakib Al Hasan ,2006-2018,2006,2018,72,72,9,1471,84,84,23.34,1196,122.99,0,8,5,152,32,Bangladesh,1007,1030
Mahmudullah ,2007-2018,2007,2018,76,69,15,1251,64*,64,23.16,1024,122.16,0,3,2,100,42,Bangladesh,529,336
Mushfiqur Rahim ,2006-2018,2006,2018,77,69,12,1138,72*,72,19.96,955,119.16,0,4,3,98,28,Bangladesh,851,784
Sabbir Rahman ,2014-2018,2014,2018,41,40,5,906,80,80,25.88,739,122.59,0,4,2,87,28,Bangladesh,76,962
Soumya Sarkar ,2015-2018,2015,2018,41,41,0,718,51,51,17.51,584,122.94,0,1,6,78,25,Bangladesh,611,594
Mohammad Ashraful ,2007-2013,2007,2013,23,23,0,450,65,65,19.56,356,126.4,0,2,2,48,11,Bangladesh,1023,529
Liton Das ,2015-2018,2015,2018,18,18,0,391,61,61,21.72,279,140.14,0,2,1,32,19,Bangladesh,309,889
Mashrafe Mortaza ,2006-2017,2006,2017,54,39,11,377,36,36,13.46,277,136.1,0,0,6,28,23,Bangladesh,537,570
Nasir Hossain ,2011-2016,2011,2016,31,24,4,370,50*,50,18.5,326,113.49,0,2,2,30,7,Bangladesh,491,459
Anamul Haque ,2012-2015,2012,2015,13,13,2,355,58,58,32.27,301,117.94,0,1,1,38,12,Bangladesh,212,173
Aftab Ahmed ,2006-2010,2006,2010,11,11,1,228,62*,62,22.8,178,128.08,0,1,0,26,6,Bangladesh,494,138
Nazimuddin ,2007-2008,2007,2008,7,7,0,178,81,81,25.42,158,112.65,0,1,2,13,10,Bangladesh,969,814
Junaid Siddique ,2007-2012,2007,2012,7,7,0,159,71,71,22.71,108,147.22,0,1,1,16,7,Bangladesh,1036,144
Naeem Islam ,2008-2013,2008,2013,10,10,1,130,28,28,14.44,114,114.03,0,0,0,8,7,Bangladesh,970,198
Imrul Kayes ,2010-2017,2010,2017,14,13,0,119,36,36,9.15,134,88.8,0,0,4,14,3,Bangladesh,962,184
Ziaur Rahman ,2012-2014,2012,2014,14,12,3,117,40*,40,13,91,128.57,0,0,3,3,10,Bangladesh,342,183
Mosaddek Hossain ,2016-2018,2016,2018,8,8,1,113,34*,34,16.14,115,98.26,0,0,1,8,3,Bangladesh,118,1100
Mehidy Hasan Miraz ,2017-2018,2017,2018,13,11,2,94,19*,19,10.44,80,117.5,0,0,2,7,4,Bangladesh,1066,753
Mohammad Saifuddin ,2017-2018,2017,2018,9,6,1,94,39*,39,18.8,88,106.81,0,0,0,7,3,Bangladesh,470,426
Mohammad Mithun ,2014-2018,2014,2018,13,9,0,90,47,47,10,96,93.75,0,0,2,7,3,Bangladesh,175,358
Shamsur Rahman ,2013-2014,2013,2014,9,8,0,86,53,53,10.75,85,101.17,0,1,2,12,1,Bangladesh,817,535
Nurul Hasan ,2016-2017,2016,2017,9,8,4,78,30*,30,19.5,63,123.8,0,0,1,9,0,Bangladesh,712,851
Farhad Reza ,2006-2014,2006,2014,13,9,0,72,19,19,8,88,81.81,0,0,1,4,2,Bangladesh,835,288
Mominul Haque ,2012-2014,2012,2014,6,4,1,60,26*,26,20,50,120,0,0,0,5,2,Bangladesh,725,1018
Ariful Haque ,2018-2018,2018,2018,9,8,4,59,18*,18,14.75,61,96.72,0,0,1,4,0,Bangladesh,526,255
Abu Hider ,2016-2018,2016,2018,13,5,4,58,22*,22,58,43,134.88,0,0,0,5,4,Bangladesh,812,1042
Alok Kapali ,2007-2011,2007,2011,7,7,2,57,19,19,11.4,85,67.05,0,0,2,3,1,Bangladesh,233,11
Sohag Gazi ,2012-2015,2012,2015,10,7,3,57,24,24,14.25,59,96.61,0,0,0,3,1,Bangladesh,411,918
Raqibul Hasan ,2008-2010,2008,2010,5,5,0,51,18,18,10.2,62,82.25,0,0,0,3,1,Bangladesh,823,916
Abdur Razzak ,2006-2014,2006,2014,34,20,10,41,9,9,4.1,74,55.4,0,0,5,1,0,Bangladesh,735,613
Shuvagata Hom ,2016-2016,2016,2016,5,4,2,35,16*,16,17.5,35,100,0,0,0,3,1,Bangladesh,936,897
Arafat Sunny ,2014-2016,2014,2016,10,6,3,34,10,10,11.33,30,113.33,0,0,0,3,1,Bangladesh,718,608
Jahurul Islam ,2010-2013,2010,2013,3,3,0,31,18,18,10.33,23,134.78,0,0,0,3,1,Bangladesh,676,889
Taskin Ahmed ,2014-2018,2014,2018,19,6,3,29,15*,15,9.66,31,93.54,0,0,1,3,1,Bangladesh,851,4
Mustafizur Rahman ,2015-2018,2015,2018,30,13,5,27,8,8,3.37,45,60,0,0,4,1,2,Bangladesh,931,199
Nadif Chowdhury ,2006-2007,2006,2007,3,3,0,27,12,12,9,23,117.39,0,0,0,2,0,Bangladesh,345,558
Shahriar Nafees ,2006-2006,2006,2006,1,1,0,25,25,25,25,17,147.05,0,0,0,3,1,Bangladesh,147,11
Rony Talukdar ,2015-2015,2015,2015,1,1,0,21,21,21,21,22,95.45,0,0,0,0,1,Bangladesh,540,853
Muktar Ali ,2016-2016,2016,2016,1,1,1,19,19*,19,-,15,126.66,0,0,0,1,1,Bangladesh,840,494
Shafiul Islam ,2010-2017,2010,2017,12,5,1,19,16,16,4.75,27,70.37,0,0,1,1,1,Bangladesh,325,694
Nazmul Islam ,2018-2018,2018,2018,13,4,3,18,7,7,18,17,105.88,0,0,0,2,0,Bangladesh,290,1062
Rubel Hossain ,2009-2018,2009,2018,27,14,9,17,8*,8,3.4,30,56.66,0,0,4,1,0,Bangladesh,810,841
Mehrab Hossain jnr ,2008-2009,2008,2009,2,2,1,16,10,10,16,25,64,0,0,0,1,0,Bangladesh,849,373
Abul Hasan ,2012-2018,2012,2018,5,2,0,14,9,9,7,11,127.27,0,0,0,2,0,Bangladesh,231,142
Mohammad Rafique ,2006-2006,2006,2006,1,1,0,13,13,13,13,5,260,0,0,0,3,0,Bangladesh,463,367
Mahedi Hasan ,2018-2018,2018,2018,1,1,0,11,11,11,11,11,100,0,0,0,1,0,Bangladesh,85,550
Zakir Hasan ,2018-2018,2018,2018,1,1,0,10,10,10,10,9,111.11,0,0,0,1,0,Bangladesh,429,1029
Elias Sunny ,2012-2012,2012,2012,7,4,2,9,5,5,4.5,9,100,0,0,0,1,0,Bangladesh,70,734
Shahadat Hossain ,2006-2013,2006,2013,6,5,3,8,4*,4,4,12,66.66,0,0,1,0,0,Bangladesh,81,874
Al-Amin Hossain ,2013-2016,2013,2016,25,5,3,7,5*,5,3.5,12,58.33,0,0,1,1,0,Bangladesh,1078,330
Syed Rasel ,2007-2008,2007,2008,8,3,1,7,6,6,3.5,9,77.77,0,0,0,1,0,Bangladesh,335,1098
Nazmus Sadat ,2006-2006,2006,2006,1,1,0,4,4,4,4,3,133.33,0,0,0,0,0,Bangladesh,276,324
Abu Jayed ,2018-2018,2018,2018,3,2,0,3,2,2,1.5,7,42.85,0,0,0,0,0,Bangladesh,0,226
Nazmul Hossain ,2009-2012,2009,2012,4,2,2,3,3*,3,-,15,20,0,0,0,0,0,Bangladesh,868,234
Dhiman Ghosh ,2008-2008,2008,2008,1,1,0,1,1,1,1,2,50,0,0,0,0,0,Bangladesh,729,804
Sohrawordi Shuvo ,2010-2010,2010,2010,1,1,1,1,1*,1,-,3,33.33,0,0,0,0,0,Bangladesh,953,642
Afif Hossain ,2018-2018,2018,2018,1,1,0,0,0,0,0,2,0,0,0,1,0,0,Bangladesh,290,759
Jubair Hossain ,2015-2015,2015,2015,1,-,-,-,-,-,-,-,-,-,-,-,-,-,Bangladesh,374,240
Mohammad Shahid ,2016-2016,2016,2016,1,-,-,-,-,-,-,-,-,-,-,-,-,-,Bangladesh,744,608
Robiul Islam ,2013-2013,2013,2013,1,-,-,-,-,-,-,-,-,-,-,-,-,-,Bangladesh,373,306
Sajedul Islam ,2013-2013,2013,2013,1,-,-,-,-,-,-,-,-,-,-,-,-,-,Bangladesh,667,62
Saqlain Sajib ,2016-2016,2016,2016,1,-,-,-,-,-,-,-,-,-,-,-,-,-,Bangladesh,827,974
Shaiman Anwar ,2014-2018,2014,2018,27,27,2,788,117*,117,31.52,660,119.39,1,4,1,62,31,U.A.E.,182,147
Rohan Mustafa ,2014-2018,2014,2018,25,24,1,411,77,77,17.86,344,119.47,0,2,3,43,15,U.A.E.,822,799
Muhammad Usman ,2016-2017,2016,2017,19,18,3,382,58,58,25.46,349,109.45,0,1,1,39,11,U.A.E.,209,418
Mohammad Shahzad ,2015-2017,2015,2017,20,20,2,281,52,52,15.61,239,117.57,0,1,2,25,11,U.A.E.,1038,809
Amjad Javed ,2014-2017,2014,2017,22,18,3,271,76,76,18.06,242,111.98,0,1,1,17,15,U.A.E.,835,614
Rameez Shahzad ,2016-2018,2016,2018,9,9,2,218,49,49,31.14,189,115.34,0,0,1,17,6,U.A.E.,963,779
SP Patil ,2014-2016,2014,2016,18,13,0,187,37,37,14.38,218,85.77,0,0,3,16,4,U.A.E.,885,340
Mohammad Naveed ,2015-2018,2015,2018,23,19,9,164,27*,27,16.4,128,128.12,0,0,2,16,8,U.A.E.,720,531
Muhammad Kaleem ,2016-2016,2016,2016,9,9,0,97,50,50,10.77,116,83.62,0,1,1,9,3,U.A.E.,508,132
Faizan Asif ,2014-2015,2014,2015,6,6,0,80,28,28,13.33,64,125,0,0,0,9,3,U.A.E.,448,480
Khurram Khan ,2014-2014,2014,2014,3,3,0,73,31,31,24.33,73,100,0,0,0,8,0,U.A.E.,867,600
Ghulam Shabber ,2016-2018,2016,2018,9,6,2,58,20,20,14.5,50,116,0,0,0,5,2,U.A.E.,65,407
Amjad Ali ,2014-2015,2014,2015,5,5,1,42,20,20,10.5,52,80.76,0,0,0,6,0,U.A.E.,498,313
Ahmed Raza ,2014-2018,2014,2018,22,8,4,41,12,12,10.25,72,56.94,0,0,1,0,1,U.A.E.,1085,744
Mohammed Qasim ,2016-2017,2016,2017,3,3,1,36,13*,13,18,51,70.58,0,0,0,2,0,U.A.E.,885,310
Abdul Shakoor ,2015-2015,2015,2015,4,3,1,28,20*,20,14,34,82.35,0,0,0,2,0,U.A.E.,640,452
Amjad Gul ,2015-2016,2015,2016,4,3,0,28,24,24,9.33,30,93.33,0,0,0,3,1,U.A.E.,310,1111
Umair Ali ,2015-2015,2015,2015,3,3,2,22,13,13,22,18,122.22,0,0,0,2,1,U.A.E.,832,608
Kamran Shazad ,2014-2014,2014,2014,3,2,0,21,21,21,10.5,17,123.52,0,0,1,1,2,U.A.E.,750,448
Fahad Tariq ,2016-2016,2016,2016,6,5,1,19,16,16,4.75,24,79.16,0,0,2,1,1,U.A.E.,704,168
EHSN Silva ,2014-2014,2014,2014,2,2,1,16,13*,13,16,22,72.72,0,0,0,1,0,U.A.E.,343,925
Saqlain Haider ,2016-2016,2016,2016,6,5,1,14,7,7,3.5,35,40,0,0,0,0,0,U.A.E.,550,87
Chirag Suri ,2018-2018,2018,2018,1,1,0,13,13,13,13,20,65,0,0,0,1,0,U.A.E.,855,740
Usman Mushtaq ,2016-2016,2016,2016,3,2,1,13,9,9,13,24,54.16,0,0,0,1,0,U.A.E.,485,339
Fayyaz Ahmed ,2015-2015,2015,2015,1,1,0,11,11,11,11,12,91.66,0,0,0,2,0,U.A.E.,231,1049
V Shetty ,2014-2014,2014,2014,2,2,1,11,10,10,11,13,84.61,0,0,0,1,0,U.A.E.,490,640
Adnan Mufti ,2017-2017,2017,2017,1,1,1,7,7*,7,-,7,100,0,0,0,0,0,U.A.E.,721,1058
Qadeer Ahmed ,2015-2016,2015,2016,8,4,3,7,5*,5,7,12,58.33,0,0,1,1,0,U.A.E.,98,822
Farhan Ahmed ,2016-2016,2016,2016,3,1,0,4,4,4,4,8,50,0,0,0,0,0,U.A.E.,1031,159
Mohammad Tauqir ,2015-2015,2015,2015,3,2,1,4,4,4,4,6,66.66,0,0,0,1,0,U.A.E.,1083,890
AM Guruge ,2014-2015,2014,2015,5,3,2,3,1*,1,3,8,37.5,0,0,0,0,0,U.A.E.,1075,692
Zaheer Maqsood ,2015-2016,2015,2016,3,1,0,2,2,2,2,5,40,0,0,0,0,0,U.A.E.,648,24
Muhammed Shanil ,2016-2016,2016,2016,1,1,1,1,1*,1,-,3,33.33,0,0,0,0,0,U.A.E.,1107,511
Ashfaq Ahmed ,2018-2018,2018,2018,1,1,0,0,0,0,0,3,0,0,0,1,0,0,U.A.E.,54,76
L Sreekumar ,2017-2017,2017,2017,1,1,0,0,0,0,0,1,0,0,0,1,0,0,U.A.E.,500,324
Amir Hayat ,2018-2018,2018,2018,1,-,-,-,-,-,-,-,-,-,-,-,-,-,U.A.E.,100,397
Atif Ali Khan ,2016-2016,2016,2016,1,-,-,-,-,-,-,-,-,-,-,-,-,-,U.A.E.,463,47
Imran Haider ,2016-2018,2016,2018,6,-,-,-,-,-,-,-,-,-,-,-,-,-,U.A.E.,1008,574
Nasir Aziz ,2015-2015,2015,2015,1,-,-,-,-,-,-,-,-,-,-,-,-,-,U.A.E.,1019,825
Sharif Asadullah ,2014-2014,2014,2014,1,-,-,-,-,-,-,-,-,-,-,-,-,-,U.A.E.,811,630
Sultan Ahmed ,2017-2017,2017,2017,2,-,-,-,-,-,-,-,-,-,-,-,-,-,U.A.E.,107,165
Zahoor Khan ,2017-2018,2017,2018,4,-,-,-,-,-,-,-,-,-,-,-,-,-,U.A.E.,882,1046
PR Stirling ,2009-2018,2009,2018,52,51,4,1181,81,81,25.12,869,135.9,0,8,7,143,39,Ireland,493,380
GC Wilson ,2008-2018,2008,2018,61,54,7,1095,65*,65,23.29,1035,105.79,0,3,4,96,18,Ireland,658,515
WTS Porterfield ,2008-2018,2008,2018,61,59,6,1079,72,72,20.35,971,111.12,0,3,5,120,23,Ireland,303,258
KJ O'Brien (2008-2018),2008-2018,2008,2018,67,60,10,775,42*,42,15.5,655,118.32,0,0,9,50,33,Ireland,815,996
NJ O'Brien (2008-2016),2008-2016,2008,2016,30,28,2,466,50,50,17.92,475,98.1,0,1,0,40,7,Ireland,24,44
EC Joyce ,2012-2014,2012,2014,16,14,3,404,78*,78,36.72,428,94.39,0,1,0,30,5,Ireland,79,1038
DT Johnston ,2008-2013,2008,2013,30,19,7,249,62,62,20.75,184,135.32,0,1,1,13,11,Ireland,101,686
SR Thompson ,2014-2018,2014,2018,28,22,5,232,56,56,13.64,175,132.57,0,1,1,20,10,Ireland,929,349
JF Mooney ,2009-2015,2009,2015,27,23,9,231,31*,31,16.5,214,107.94,0,0,0,25,1,Ireland,648,549
AR Cusack ,2008-2015,2008,2015,37,21,6,229,65,65,15.26,177,129.37,0,1,1,17,6,Ireland,158,290
AD Poynter ,2012-2016,2012,2016,19,14,3,219,57,57,19.9,184,119.02,0,1,1,21,8,Ireland,202,232
A Balbirnie ,2015-2018,2015,2018,16,13,0,189,74,74,14.53,175,108,0,1,2,23,1,Ireland,898,511
SW Poynter ,2015-2018,2015,2018,19,16,2,170,39,39,12.14,162,104.93,0,0,0,17,3,Ireland,591,247
AR White ,2008-2012,2008,2012,18,12,6,137,29,29,22.83,128,107.03,0,0,0,12,2,Ireland,348,690
AC Botha ,2008-2010,2008,2010,14,11,1,130,38,38,13,141,92.19,0,0,2,12,1,Ireland,671,1087
GH Dockrell ,2010-2018,2010,2018,54,21,8,125,22*,22,9.61,121,103.3,0,0,3,5,3,Ireland,282,867
Simi Singh ,2018-2018,2018,2018,8,8,1,123,57*,57,17.57,96,128.12,0,1,3,10,4,Ireland,1088,730
JNK Shannon ,2013-2018,2013,2018,8,8,0,111,60,60,13.87,84,132.14,0,1,1,12,5,Ireland,387,231
MC Sorensen ,2012-2016,2012,2016,26,11,6,92,26,26,18.4,79,116.45,0,0,1,4,3,Ireland,275,79
GJ Thompson ,2016-2017,2016,2017,8,7,1,75,44,44,12.5,78,96.15,0,0,2,9,1,Ireland,708,726
AR McBrine ,2014-2017,2014,2017,19,11,5,73,14*,14,12.16,70,104.28,0,0,1,6,1,Ireland,321,992
WB Rankin ,2009-2018,2009,2018,28,9,5,53,16*,16,13.25,58,91.37,0,0,0,2,3,Ireland,140,758
DA Rankin ,2015-2016,2015,2016,2,2,0,49,34,34,24.5,54,90.74,0,0,0,3,2,Ireland,545,965
L Tucker ,2016-2017,2016,2017,4,4,0,43,16,16,10.75,42,102.38,0,0,0,4,1,Ireland,497,669
NG Jones ,2010-2012,2010,2012,5,4,2,42,14*,14,21,38,110.52,0,0,1,1,2,Ireland,592,988
TE Kane ,2015-2018,2015,2018,6,3,1,36,26*,26,18,23,156.52,0,0,0,5,0,Ireland,942,472
TJ Murtagh ,2012-2016,2012,2016,14,5,3,26,12*,12,13,25,104,0,0,0,0,1,Ireland,226,521
J Anderson ,2015-2015,2015,2015,4,2,0,12,9,9,6,18,66.66,0,0,0,1,0,Ireland,729,527
WK McCallan ,2008-2009,2008,2009,9,3,2,11,9*,9,11,15,73.33,0,0,1,1,0,Ireland,609,409
BJ McCarthy ,2017-2018,2017,2018,6,3,1,11,11*,11,5.5,7,157.14,0,0,2,0,1,Ireland,521,240
RM West ,2009-2009,2009,2009,5,4,1,11,8,8,3.66,11,100,0,0,0,1,0,Ireland,122,1068
PKD Chase ,2018-2018,2018,2018,6,4,3,7,4,4,7,13,53.84,0,0,0,1,0,Ireland,31,908
J Mulder ,2016-2017,2016,2017,8,4,2,6,5*,5,3,11,54.54,0,0,1,0,0,Ireland,608,725
R Strydom ,2008-2008,2008,2008,4,2,1,6,5*,5,6,7,85.71,0,0,0,0,0,Ireland,754,1062
PC Connell ,2008-2010,2008,2010,9,3,2,4,3*,3,4,7,57.14,0,0,1,0,0,Ireland,692,775
SP Terry ,2016-2016,2016,2016,1,1,0,4,4,4,4,6,66.66,0,0,0,0,0,Ireland,919,359
CA Young ,2015-2018,2015,2018,16,3,2,4,2*,2,4,7,57.14,0,0,0,0,0,Ireland,1091,227
JP Bray ,2009-2009,2009,2009,2,2,0,2,2,2,1,17,11.76,0,0,1,0,0,Ireland,63,179
GE Kidd ,2010-2010,2010,2010,1,1,1,1,1*,1,-,1,100,0,0,0,0,0,Ireland,285,424
J Little ,2016-2018,2016,2018,4,3,1,1,1*,1,0.5,7,14.28,0,0,2,0,0,Ireland,888,846
RD McCann ,2012-2012,2012,2012,3,1,0,1,1,1,1,2,50,0,0,0,0,0,Ireland,84,71
PS Eaglestone ,2010-2010,2010,2010,1,-,-,-,-,-,-,-,-,-,-,-,-,-,Ireland,142,832
GJ McCarter ,2015-2015,2015,2015,3,-,-,-,-,-,-,-,-,-,-,-,-,-,Ireland,374,333
KJ Coetzer ,2008-2018,2008,2018,45,43,2,1035,70,70,25.24,856,120.91,0,3,2,106,32,Scotland,4,839
RD Berrington ,2008-2018,2008,2018,46,39,7,867,100,100,27.09,696,124.56,1,2,5,86,19,Scotland,70,739
CS MacLeod ,2009-2018,2009,2018,34,33,5,602,60,60,21.5,562,107.11,0,4,3,47,13,Scotland,16,252
MH Cross ,2013-2018,2013,2018,29,23,2,485,60,60,23.09,371,130.72,0,2,1,49,16,Scotland,477,946
HG Munsey ,2015-2018,2015,2018,23,21,2,461,71,71,24.26,324,142.28,0,2,4,67,11,Scotland,782,1072
PL Mommsen ,2012-2016,2012,2016,24,19,7,419,68*,68,34.91,329,127.35,0,2,1,32,11,Scotland,1036,884
MW Machan ,2013-2016,2013,2016,13,13,3,407,67*,67,40.7,318,127.98,0,3,0,37,7,Scotland,92,1067
RR Watson ,2007-2010,2007,2010,10,9,0,159,54,54,17.66,141,112.76,0,1,1,22,1,Scotland,186,1009
MA Leask ,2013-2018,2013,2018,20,13,1,158,58,58,13.16,133,118.79,0,1,1,11,8,Scotland,307,26
DF Watts ,2007-2012,2007,2012,11,9,0,137,46,46,15.22,127,107.87,0,0,2,13,3,Scotland,1089,1008
NS Poonia ,2007-2010,2007,2010,8,7,2,95,38*,38,19,108,87.96,0,0,2,3,1,Scotland,1103,137
JH Stander ,2009-2012,2009,2012,11,11,2,94,45,45,10.44,90,104.44,0,0,3,6,4,Scotland,884,539
GM Hamilton ,2007-2010,2007,2010,12,8,0,90,32,32,11.25,110,81.81,0,0,0,6,1,Scotland,255,981
CD Wallace ,2012-2017,2012,2017,12,9,5,90,26*,26,22.5,79,113.92,0,0,0,9,0,Scotland,791,241
RML Taylor ,2013-2016,2013,2016,9,6,3,85,41*,41,28.33,58,146.55,0,0,0,6,4,Scotland,360,390
SM Sharif ,2012-2018,2012,2018,29,12,5,78,26,26,11.14,65,120,0,0,2,4,3,Scotland,600,252
NFI McCallum ,2007-2010,2007,2010,11,7,0,76,38,38,10.85,85,89.41,0,0,3,7,1,Scotland,158,849
RM Haq ,2007-2013,2007,2013,21,12,7,64,21*,21,12.8,96,66.66,0,0,1,2,1,Scotland,488,1023
DE Budge ,2018-2018,2018,2018,6,4,2,60,24,24,30,59,101.69,0,0,0,2,3,Scotland,788,546
CJO Smith ,2007-2009,2007,2009,8,6,1,58,46*,46,11.6,54,107.4,0,0,3,6,0,Scotland,469,584
JH Davey ,2012-2017,2012,2017,14,7,2,55,24,24,11,43,127.9,0,0,0,3,2,Scotland,521,816
GD Drummond ,2008-2013,2008,2013,17,7,0,54,35,35,7.71,65,83.07,0,0,2,3,0,Scotland,230,701
MM Iqbal ,2012-2013,2012,2013,6,3,0,46,31,31,15.33,45,102.22,0,0,0,4,1,Scotland,670,214
R Flannigan ,2012-2012,2012,2012,4,4,1,38,18,18,12.66,33,115.15,0,0,1,4,0,Scotland,840,804
CD de Lange ,2015-2017,2015,2017,8,3,0,35,22,22,11.66,22,159.09,0,0,0,2,2,Scotland,991,49
D Murphy ,2013-2013,2013,2013,4,4,3,35,20,20,35,35,100,0,0,0,1,0,Scotland,53,147
JD Nel ,2007-2010,2007,2010,10,5,2,34,13*,13,11.33,25,136,0,0,1,3,1,Scotland,761,669
MRJ Watt ,2015-2018,2015,2018,23,7,3,32,11*,11,8,23,139.13,0,0,1,3,1,Scotland,1030,1056
G Goudie ,2010-2013,2010,2013,9,6,2,25,9*,9,6.25,20,125,0,0,0,2,1,Scotland,621,673
SJS Smith ,2010-2012,2010,2012,5,4,1,21,9,9,7,40,52.5,0,0,1,1,0,Scotland,110,276
CM Wright ,2007-2009,2007,2009,3,1,0,14,14,14,14,18,77.77,0,0,0,0,0,Scotland,36,846
FRJ Coleman ,2013-2013,2013,2013,1,1,0,9,9,9,9,13,69.23,0,0,0,1,0,Scotland,857,414
GA Rogers ,2008-2009,2008,2009,2,2,2,7,6*,6,-,8,87.5,0,0,0,0,0,Scotland,386,160
JAR Blain ,2007-2008,2007,2008,6,3,1,4,3*,3,2,5,80,0,0,1,0,0,Scotland,235,556
NM Carter ,2013-2013,2013,2013,7,2,0,4,3,3,2,12,33.33,0,0,0,0,0,Scotland,252,893
RT Lyons ,2010-2010,2010,2010,2,2,0,4,4,4,2,17,23.52,0,0,1,0,0,Scotland,1105,763
CB Sole ,2017-2018,2017,2018,4,1,1,4,4*,4,-,2,200,0,0,0,1,0,Scotland,227,584
BTJ Wheal ,2016-2017,2016,2017,5,2,2,2,2*,2,-,2,100,0,0,0,0,0,Scotland,1102,638
DR Brown ,2007-2007,2007,2007,2,1,0,1,1,1,1,5,20,0,0,0,0,0,Scotland,693,345
AC Evans ,2015-2018,2015,2018,16,5,1,1,1*,1,0.25,10,10,0,0,4,0,0,Scotland,496,740
I Wardlaw ,2013-2013,2013,2013,4,1,0,1,1,1,1,3,33.33,0,0,0,0,0,Scotland,986,225
GI Maiden ,2008-2008,2008,2008,3,1,0,0,0,0,0,1,0,0,0,1,0,0,Scotland,1095,1002
CG Burnett ,2013-2013,2013,2013,1,-,-,-,-,-,-,-,-,-,-,-,-,-,Scotland,1104,552
Hamza Tahir ,2018-2018,2018,2018,3,-,-,-,-,-,-,-,-,-,-,-,-,-,Scotland,12,816
GT Main ,2015-2016,2015,2016,4,-,-,-,-,-,-,-,-,-,-,-,-,-,Scotland,191,939
MA Parker ,2012-2012,2012,2012,2,-,-,-,-,-,-,-,-,-,-,-,-,-,Scotland,946,684
SG Whittingham ,2018-2018,2018,2018,3,-,-,-,-,-,-,-,-,-,-,-,-,-,Scotland,790,954
Zeeshan Maqsood ,N/A,N/A,N/A,16,15,0,368,52,52,24.53,315,116.82,0,1,2,49,8,Oman,62,92
Adnan Ilyas ,N/A,N/A,N/A,12,11,0,258,54,54,23.45,218,118.34,0,1,0,16,8,Oman,902,684
Khawar Ali ,N/A,N/A,N/A,14,13,0,214,38,38,16.46,241,88.79,0,0,0,23,5,Oman,321,672
Jatinder Singh ,N/A,N/A,N/A,11,11,0,200,42,42,18.18,221,90.49,0,0,0,16,1,Oman,759,709
Aamir Kaleem ,N/A,N/A,N/A,11,10,2,161,46*,46,20.12,143,112.58,0,0,2,15,3,Oman,122,484
Aqib Ilyas ,N/A,N/A,N/A,9,9,2,129,56*,56,18.42,110,117.27,0,1,0,19,2,Oman,540,871
Sultan Ahmed ,N/A,N/A,N/A,17,12,3,104,37*,37,11.55,83,125.3,0,0,3,14,0,Oman,534,594
Amir Ali ,N/A,N/A,N/A,10,8,3,97,32*,32,19.4,65,149.23,0,0,0,11,2,Oman,857,77
AV Lalcheta ,N/A,N/A,N/A,14,8,2,87,20,20,14.5,66,131.81,0,0,0,9,3,Oman,1075,31
Mehran Khan ,N/A,N/A,N/A,13,9,2,79,28*,28,11.28,74,106.75,0,0,0,4,4,Oman,545,643
Khurram Nawaz ,N/A,N/A,N/A,4,4,2,78,26*,26,39,69,113.04,0,0,0,4,3,Oman,933,631
Zeeshan Siddiqui ,N/A,N/A,N/A,5,5,1,60,33*,33,15,63,95.23,0,0,0,7,0,Oman,984,503
Naseem Khushi ,N/A,N/A,N/A,4,3,0,54,29,29,18,37,145.94,0,0,1,2,4,Oman,768,701
Mohammad Nadeem ,N/A,N/A,N/A,6,4,0,21,7,7,5.25,20,105,0,0,0,2,0,Oman,263,410
VS Wategaonkar ,N/A,N/A,N/A,2,1,0,14,14,14,14,14,100,0,0,0,1,0,Oman,1084,1104
Sufyan Mehmood ,N/A,N/A,N/A,2,1,1,13,13*,13,-,32,40.62,0,0,0,2,0,Oman,480,386
A Poulose ,N/A,N/A,N/A,3,3,0,9,9,9,3,14,64.28,0,0,2,2,0,Oman,360,699
M Ansari ,N/A,N/A,N/A,11,4,4,5,3*,3,-,10,50,0,0,0,0,0,Oman,926,699
Bilal Khan ,N/A,N/A,N/A,16,4,3,5,4*,4,5,5,100,0,0,1,1,0,Oman,652,116
RJ Ranpura ,N/A,N/A,N/A,3,2,2,5,5*,5,-,8,62.5,0,0,0,0,0,Oman,325,501
Kaleemullah ,N/A,N/A,N/A,4,1,0,0,0,0,0,1,0,0,0,1,0,0,Oman,197,139
Mohammad Shahzad ,2010-2018,2010,2018,65,65,3,1936,118*,118,31.22,1436,134.81,1,12,3,218,72,Afghanistan,1045,464
Asghar Afghan ,2010-2018,2010,2018,56,51,4,1031,62,62,21.93,966,106.72,0,3,2,60,52,Afghanistan,246,431
Mohammad Nabi ,2010-2018,2010,2018,65,60,9,1014,89,89,19.88,719,141.02,0,2,4,66,56,Afghanistan,783,1077
Samiullah Shinwari ,2010-2018,2010,2018,60,54,10,968,61,61,22,810,119.5,0,2,2,70,37,Afghanistan,998,528
Najibullah Zadran ,2012-2018,2012,2018,47,38,14,711,60*,60,29.62,496,143.34,0,2,1,46,37,Afghanistan,411,889
Karim Sadiq ,2010-2018,2010,2018,36,36,0,538,72,72,14.94,493,109.12,0,1,4,61,10,Afghanistan,639,621
Noor Ali Zadran ,2010-2017,2010,2017,20,20,1,506,63,63,26.63,497,101.81,0,3,1,45,6,Afghanistan,111,161
Nawroz Mangal ,2010-2017,2010,2017,32,32,4,505,65*,65,18.03,453,111.47,0,2,4,42,19,Afghanistan,1019,201
Shafiqullah ,2010-2018,2010,2018,41,38,11,436,51*,51,16.14,300,145.33,0,1,5,31,27,Afghanistan,354,685
Gulbadin Naib ,2012-2018,2012,2018,38,31,9,432,56*,56,19.63,357,121,0,1,2,31,20,Afghanistan,228,1063
Usman Ghani ,2015-2018,2015,2018,17,17,1,359,69,69,22.43,350,102.57,0,2,0,35,9,Afghanistan,122,249
Najeeb Tarakai ,2014-2017,2014,2017,9,9,0,216,90,90,24,166,130.12,0,1,1,19,10,Afghanistan,926,314
Hazratullah Zazai ,2016-2018,2016,2018,3,3,0,174,82,82,58,111,156.75,0,2,0,15,13,Afghanistan,799,338
Mirwais Ashraf ,2010-2016,2010,2016,25,19,8,128,28*,28,11.63,115,111.3,0,0,2,5,8,Afghanistan,923,821
Karim Janat ,2016-2018,2016,2018,14,8,1,109,25,25,15.57,103,105.82,0,0,1,6,6,Afghanistan,378,803
Rashid Khan ,2015-2018,2015,2018,34,15,7,107,33,33,13.37,85,125.88,0,0,3,8,7,Afghanistan,1107,572
Raees Ahmadzai ,2010-2010,2010,2010,8,6,3,91,33*,33,30.33,84,108.33,0,0,0,5,1,Afghanistan,86,159
Dawlat Zadran ,2012-2017,2012,2017,33,16,7,68,13,13,7.55,42,161.9,0,0,3,4,6,Afghanistan,104,464
Hamid Hassan ,2010-2016,2010,2016,22,9,6,50,22,22,16.66,46,108.69,0,0,0,3,2,Afghanistan,1093,860
Amir Hamza ,2013-2017,2013,2017,31,9,5,40,21,21,10,38,105.26,0,0,1,3,1,Afghanistan,327,964
Shapoor Zadran ,2010-2018,2010,2018,34,13,6,27,13,13,3.85,65,41.53,0,0,3,0,3,Afghanistan,95,1008
Sharafuddin Ashraf ,2015-2018,2015,2018,6,2,0,19,18,18,9.5,18,105.55,0,0,0,1,1,Afghanistan,611,167
Shabir Noori ,2012-2012,2012,2012,1,1,0,15,15,15,15,18,83.33,0,0,0,1,0,Afghanistan,731,630
Afsar Zazai ,2013-2013,2013,2013,1,1,0,9,9,9,9,21,42.85,0,0,0,0,0,Afghanistan,248,1056
Javed Ahmadi ,2012-2017,2012,2017,3,2,0,6,6,6,3,7,85.71,0,0,1,1,0,Afghanistan,436,579
Aftab Alam ,2012-2018,2012,2018,12,5,3,2,1*,1,1,9,22.22,0,0,1,0,0,Afghanistan,625,396
Dawlat Ahmadzai ,2010-2010,2010,2010,2,1,1,2,2*,2,-,3,66.66,0,0,0,0,0,Afghanistan,605,818
Hashmatullah Shahidi ,2013-2013,2013,2013,1,1,1,1,1*,1,-,1,100,0,0,0,0,0,Afghanistan,558,97
M Nasim Baras ,2015-2015,2015,2015,3,1,0,1,1,1,1,2,50,0,0,0,0,0,Afghanistan,177,350
Sayed Shirzad ,2015-2016,2015,2016,3,1,0,1,1,1,1,2,50,0,0,0,0,0,Afghanistan,774,86
Yamin Ahmadzai ,2015-2015,2015,2015,2,1,1,1,1*,1,-,1,100,0,0,0,0,0,Afghanistan,691,405
Izatullah Dawlatzai ,2012-2012,2012,2012,4,1,1,0,0*,0,-,3,0,0,0,0,0,0,Afghanistan,995,1019
Mujeeb Ur Rahman ,2018-2018,2018,2018,7,2,2,0,0*,0,-,0,-,0,0,0,0,0,Afghanistan,136,459
Fareed Ahmad ,2016-2018,2016,2018,9,-,-,-,-,-,-,-,-,-,-,-,-,-,Afghanistan,1016,913
Rokhan Barakzai ,2015-2015,2015,2015,3,-,-,-,-,-,-,-,-,-,-,-,-,-,Afghanistan,152,627
Zamir Khan ,2012-2012,2012,2012,1,-,-,-,-,-,-,-,-,-,-,-,-,-,Afghanistan,859,633