Player,Career Span,Start,End,Matches_Played,Innings_Batted,Not_Outs,Runs_Scored,Highest_Innings_Score,Highest_Innings_Score_Num,Batting_Avg,Balls_Faced,Strike_Rate,100_Scored,50_Scored,Ducks,4sBoundary,6sBoundary,Country
EJG Morgan ,2009-2018,2009,2018,77,75,14,1734,85*,85,28.42,1320,131.36,0,9,3,129,77,England
AD Hales ,2011-2018,2011,2018,57,57,7,1605,116*,116,32.1,1178,136.24,1,8,4,171,52,England
JC Buttler ,2011-2018,2011,2018,66,58,11,1260,73*,73,26.8,912,138.15,0,7,3,102,53,England
KP Pietersen ,2005-2013,2005,2013,37,36,5,1176,79,79,37.93,831,141.51,0,7,1,119,32,England
JE Root ,2012-2018,2012,2018,28,26,4,787,90*,90,35.77,612,128.59,0,4,1,80,16,England
LJ Wright ,2007-2014,2007,2014,51,45,5,759,99*,99,18.97,554,137,0,4,9,68,31,England
JJ Roy ,2014-2018,2014,2018,32,32,0,743,78,78,23.21,512,145.11,0,4,4,75,35,England
RS Bopara ,2008-2014,2008,2014,38,35,10,711,65*,65,28.44,599,118.69,0,3,0,54,17,England
PD Collingwood ,2005-2011,2005,2011,35,33,2,583,79,79,18.8,459,127.01,0,3,3,37,24,England
MJ Lumb ,2010-2014,2010,2014,27,27,1,552,63,63,21.23,413,133.65,0,3,1,64,21,England
C Kieswetter ,2010-2012,2010,2012,25,25,1,526,63,63,21.91,470,111.91,0,3,2,47,23,England
JM Bairstow ,2011-2018,2011,2018,27,22,6,396,60*,60,24.75,315,125.71,0,2,1,33,15,England
OA Shah ,2007-2009,2007,2009,17,15,1,347,55*,55,24.78,284,122.18,0,1,0,26,13,England
DJ Malan ,2017-2018,2017,2018,5,5,0,250,78,78,50,166,150.6,0,4,0,26,11,England
MM Ali ,2014-2018,2014,2018,25,22,6,235,72*,72,14.68,198,118.68,0,1,6,21,9,England
BA Stokes ,2011-2018,2011,2018,23,20,5,232,38,38,15.46,178,130.33,0,0,1,20,9,England
TT Bresnan ,2006-2014,2006,2014,34,22,9,216,47*,47,16.61,170,127.05,0,0,3,16,6,England
SW Billings ,2015-2018,2015,2018,17,15,0,205,53,53,13.66,152,134.86,0,1,1,18,8,England
JM Vince ,2015-2018,2015,2018,7,7,0,194,46,46,27.71,165,117.57,0,0,0,20,5,England
SR Patel ,2011-2013,2011,2013,18,14,2,189,67,67,15.75,173,109.24,0,1,2,17,5,England
IR Bell ,2006-2014,2006,2014,8,8,1,188,60*,60,26.85,163,115.33,0,1,0,23,2,England
CJ Jordan ,2014-2018,2014,2018,35,23,10,168,27*,27,12.92,144,116.66,0,0,2,12,7,England
ME Trescothick ,2005-2006,2005,2006,3,3,0,166,72,72,55.33,131,126.71,0,2,0,23,1,England
DJ Willey ,2015-2018,2015,2018,24,17,5,152,29*,29,12.66,114,133.33,0,0,1,8,9,England
IJL Trott ,2007-2010,2007,2010,7,7,1,138,51,51,23,144,95.83,0,1,0,9,3,England
MJ Prior ,2007-2010,2007,2010,10,8,2,127,32,32,21.16,100,127,0,0,1,11,5,England
AD Mascarenhas ,2007-2009,2007,2009,14,13,5,123,31,31,15.37,100,123,0,0,3,8,5,England
SCJ Broad ,2006-2014,2006,2014,56,26,10,118,18*,18,7.37,118,100,0,0,2,7,3,England
DL Maddy ,2007-2007,2007,2007,4,4,0,113,50,50,28.25,80,141.25,0,1,0,12,3,England
GP Swann ,2008-2012,2008,2012,39,16,11,104,34,34,20.8,89,116.85,0,0,2,9,1,England
SM Davies ,2009-2011,2009,2011,5,5,0,102,33,33,20.4,82,124.39,0,0,0,12,0,England
MH Yardy ,2006-2011,2006,2011,14,8,5,96,35*,35,32,72,133.33,0,0,3,9,1,England
CR Woakes ,2011-2015,2011,2015,8,7,4,91,37,37,30.33,63,144.44,0,0,1,4,5,England
A Flintoff ,2005-2007,2005,2007,7,7,1,76,31,31,12.66,60,126.66,0,0,1,7,2,England
VS Solanki ,2005-2007,2005,2007,3,3,0,76,43,43,25.33,61,124.59,0,0,0,10,1,England
AJ Strauss ,2005-2009,2005,2009,4,4,0,73,33,33,18.25,64,114.06,0,0,1,9,0,England
AN Cook ,2007-2009,2007,2009,4,4,0,61,26,26,15.25,54,112.96,0,0,0,10,0,England
JWM Dalrymple ,2006-2007,2006,2007,3,3,0,60,32,32,20,57,105.26,0,0,0,6,0,England
P Mustard ,2008-2008,2008,2008,2,2,0,60,40,40,30,37,162.16,0,0,0,5,4,England
AU Rashid ,2009-2018,2009,2018,33,14,8,47,9*,9,7.83,55,85.45,0,0,0,4,0,England
LE Plunkett ,2006-2018,2006,2018,20,11,4,42,18,18,6,34,123.52,0,0,3,3,1,England
JL Denly ,2009-2018,2009,2018,6,6,0,40,20,20,6.66,46,86.95,0,0,2,5,0,England
JS Foster ,2009-2009,2009,2009,5,5,2,37,14*,14,12.33,32,115.62,0,0,0,0,1,England
GO Jones ,2005-2006,2005,2006,2,2,1,33,19,19,33,25,132,0,0,0,5,0,England
JC Tredwell ,2012-2014,2012,2014,17,6,3,32,22,22,10.66,20,160,0,0,1,4,1,England
PA Nixon ,2007-2007,2007,2007,1,1,1,31,31*,31,-,22,140.9,0,0,0,2,1,England
MP Vaughan ,2005-2007,2005,2007,2,2,0,27,27,27,13.5,22,122.72,0,0,1,4,0,England
JW Dernbach ,2011-2014,2011,2014,34,7,2,24,12,12,4.8,21,114.28,0,0,1,3,0,England
CP Schofield ,2007-2007,2007,2007,4,4,3,24,9*,9,24,20,120,0,0,0,2,0,England
LA Dawson ,2016-2018,2016,2018,6,2,1,17,10,10,17,8,212.5,0,0,0,2,1,England
LS Livingstone ,2017-2017,2017,2017,2,2,0,16,16,16,8,19,84.21,0,0,1,1,0,England
SG Borthwick ,2011-2011,2011,2011,1,1,0,14,14,14,14,16,87.5,0,0,0,2,0,England
ST Finn ,2011-2015,2011,2015,21,3,3,14,8*,8,-,19,73.68,0,0,0,1,0,England
CMW Read ,2006-2006,2006,2006,1,1,0,13,13,13,13,11,118.18,0,0,0,2,0,England
RWT Key ,2009-2009,2009,2009,1,1,1,10,10*,10,-,8,125,0,0,0,0,0,England
MA Wood ,2015-2018,2015,2018,4,2,2,10,5*,5,-,12,83.33,0,0,0,1,0,England
TK Curran ,2017-2018,2017,2018,7,3,2,8,6,6,8,6,133.33,0,0,0,0,1,England
MA Carberry ,2014-2014,2014,2014,1,1,0,7,7,7,7,7,100,0,0,0,1,0,England
JN Snape ,2007-2007,2007,2007,1,1,0,7,7,7,7,11,63.63,0,0,0,0,0,England
RJ Sidebottom ,2007-2010,2007,2010,18,1,1,5,5*,5,-,4,125,0,0,0,1,0,England
GJ Batty ,2009-2009,2009,2009,1,1,0,4,4,4,4,7,57.14,0,0,0,0,0,England
A Khan ,2009-2009,2009,2009,1,1,0,2,2,2,2,4,50,0,0,0,0,0,England
RJ Kirtley ,2007-2007,2007,2007,1,1,1,2,2*,2,-,4,50,0,0,0,0,0,England
JM Anderson ,2007-2009,2007,2009,19,4,3,1,1*,1,1,2,50,0,0,1,0,0,England
EC Joyce ,2006-2007,2006,2007,2,1,0,1,1,1,1,3,33.33,0,0,0,0,0,England
J Lewis ,2005-2007,2005,2007,2,2,1,1,1,1,1,4,25,0,0,0,0,0,England
SI Mahmood ,2006-2009,2006,2009,4,2,2,1,1*,1,-,2,50,0,0,0,0,0,England
MS Panesar ,2007-2007,2007,2007,1,1,0,1,1,1,1,2,50,0,0,0,0,0,England
SD Parry ,2014-2015,2014,2015,5,1,0,1,1,1,1,1,100,0,0,0,0,0,England
RJW Topley ,2015-2016,2015,2016,6,1,1,1,1*,1,-,2,50,0,0,0,0,0,England
DR Briggs ,2012-2014,2012,2014,7,1,1,0,0*,0,-,0,-,0,0,0,0,0,England
TS Mills ,2016-2017,2016,2017,4,1,0,0,0,0,0,2,0,0,0,1,0,0,England
A Shahzad ,2010-2011,2010,2011,3,1,1,0,0*,0,-,3,0,0,0,0,0,0,England
TR Ambrose ,2008-2008,2008,2008,1,-,-,-,-,-,-,-,-,-,-,-,-,-,England
JT Ball ,2018-2018,2018,2018,2,-,-,-,-,-,-,-,-,-,-,-,-,-,England
MS Crane ,2017-2017,2017,2017,2,-,-,-,-,-,-,-,-,-,-,-,-,-,England
D Gough ,2005-2006,2005,2006,2,-,-,-,-,-,-,-,-,-,-,-,-,-,England
HF Gurney ,2014-2014,2014,2014,2,-,-,-,-,-,-,-,-,-,-,-,-,-,England
SJ Harmison ,2005-2006,2005,2006,2,-,-,-,-,-,-,-,-,-,-,-,-,-,England
SC Meaker ,2012-2012,2012,2012,2,-,-,-,-,-,-,-,-,-,-,-,-,-,England
WB Rankin ,2013-2013,2013,2013,2,-,-,-,-,-,-,-,-,-,-,-,-,-,England
CT Tremlett ,2007-2007,2007,2007,1,-,-,-,-,-,-,-,-,-,-,-,-,-,England
DA Warner ,2009-2018,2009,2018,70,70,3,1792,90*,90,26.74,1279,140.1,0,13,5,172,79,Australia
AJ Finch ,2011-2018,2011,2018,50,50,7,1663,172,172,38.67,1064,156.29,2,9,2,160,79,Australia
SR Watson ,2006-2016,2006,2016,58,56,6,1462,124*,124,29.24,1006,145.32,1,10,3,115,83,Australia
GJ Maxwell ,2012-2018,2012,2018,57,51,8,1345,145*,145,31.27,859,156.57,2,5,1,113,67,Australia
CL White ,2007-2014,2007,2014,47,44,14,984,85*,85,32.8,740,132.97,0,5,3,71,44,Australia
DJ Hussey ,2008-2012,2008,2012,39,36,3,756,88*,88,22.9,623,121.34,0,3,4,41,34,Australia
MEK Hussey ,2005-2012,2005,2012,38,30,11,721,60*,60,37.94,529,136.29,0,4,1,58,25,Australia
DJM Short ,2018-2018,2018,2018,18,18,2,515,76,76,32.18,425,121.17,0,4,1,55,15,Australia
MJ Clarke ,2005-2010,2005,2010,34,28,5,488,67,67,21.21,473,103.17,0,1,2,29,10,Australia
GJ Bailey ,2012-2016,2012,2016,29,25,7,470,63,63,26.11,334,140.71,0,2,1,37,20,Australia
SPD Smith ,2010-2016,2010,2016,30,25,5,431,90,90,21.55,352,122.44,0,2,1,34,11,Australia
BJ Haddin ,2006-2014,2006,2014,34,29,6,402,47,47,17.47,351,114.52,0,0,2,30,13,Australia
RT Ponting ,2005-2009,2005,2009,17,16,2,401,98*,98,28.64,302,132.78,0,2,2,41,11,Australia
A Symonds ,2005-2009,2005,2009,14,11,4,337,85*,85,48.14,199,169.34,0,2,2,33,10,Australia
TM Head ,2016-2018,2016,2018,16,15,3,319,48*,48,26.58,245,130.2,0,0,0,19,10,Australia
ML Hayden ,2005-2007,2005,2007,9,9,3,308,73*,73,51.33,214,143.92,0,4,0,37,13,Australia
CA Lynn ,2014-2018,2014,2018,18,16,1,291,44,44,19.4,221,131.67,0,0,1,28,14,Australia
AC Gilchrist ,2005-2008,2005,2008,13,13,1,272,48,48,22.66,192,141.66,0,0,0,27,13,Australia
SE Marsh ,2008-2016,2008,2016,15,15,1,255,47*,47,18.21,248,102.82,0,0,2,15,10,Australia
UT Khawaja ,2016-2016,2016,2016,9,9,0,241,58,58,26.77,182,132.41,0,1,0,31,5,Australia
MS Wade ,2011-2016,2011,2016,26,17,5,239,72,72,19.91,218,109.63,0,1,0,11,9,Australia
BJ Hodge ,2007-2014,2007,2014,15,11,4,183,36,36,26.14,144,127.08,0,0,0,9,7,Australia
MR Marsh ,2011-2018,2011,2018,11,11,3,175,36,36,21.87,151,115.89,0,0,0,7,9,Australia
JP Faulkner ,2012-2017,2012,2017,24,18,7,159,41*,41,14.45,138,115.21,0,0,0,7,5,Australia
MC Henriques ,2009-2017,2009,2017,11,8,3,159,62*,62,31.8,122,130.32,0,2,0,8,7,Australia
NM Coulter-Nile ,2013-2018,2013,2018,26,14,4,146,34,34,14.6,112,130.35,0,0,3,10,10,Australia
M Klinger ,2017-2017,2017,2017,3,3,0,143,62,62,47.66,112,127.67,0,1,0,12,2,Australia
AC Voges ,2007-2013,2007,2013,7,5,2,139,51,51,46.33,114,121.92,0,1,0,8,2,Australia
MP Stoinis ,2015-2018,2015,2018,17,12,5,128,33*,33,18.28,101,126.73,0,0,1,13,2,Australia
AT Carey ,2018-2018,2018,2018,19,13,4,125,37*,37,13.88,101,123.76,0,0,0,10,4,Australia
DR Martyn ,2005-2006,2005,2006,4,4,0,120,96,96,30,74,162.16,0,1,0,11,5,Australia
MG Johnson ,2007-2013,2007,2013,30,17,7,109,28*,28,10.9,95,114.73,0,0,2,8,3,Australia
JR Hopes ,2005-2010,2005,2010,12,7,2,105,30,30,21,98,107.14,0,0,0,7,1,Australia
B Lee ,2005-2012,2005,2012,25,12,6,101,43*,43,16.83,71,142.25,0,0,2,9,4,Australia
BR Dunk ,2014-2017,2014,2017,5,5,0,99,32,32,19.8,69,143.47,0,0,0,8,6,Australia
AC Agar ,2016-2018,2016,2018,15,7,1,82,29,29,13.66,79,103.79,0,0,0,6,3,Australia
BR McDermott ,2018-2018,2018,2018,8,8,3,72,32*,32,14.4,76,94.73,0,0,2,5,2,Australia
SM Katich ,2005-2006,2005,2006,3,2,0,69,39,39,34.5,47,146.8,0,0,0,8,2,Australia
AJ Tye ,2016-2018,2016,2018,26,11,5,61,20,20,10.16,55,110.9,0,0,2,4,3,Australia
GB Hogg ,2006-2014,2006,2014,15,4,0,55,41,41,13.75,39,141.02,0,0,0,3,3,Australia
TD Paine ,2009-2017,2009,2017,10,7,1,47,21,21,7.83,40,117.5,0,0,2,4,2,Australia
L Ronchi ,2008-2009,2008,2009,3,2,0,47,36,36,23.5,27,174.07,0,0,0,8,1,Australia
JW Hastings ,2010-2016,2010,2016,9,6,2,46,15,15,11.5,37,124.32,0,0,0,3,1,Australia
NJ Maddinson ,2013-2018,2013,2018,6,4,0,45,34,34,11.25,35,128.57,0,0,0,6,1,Australia
BCJ Cutting ,2013-2014,2013,2014,4,3,0,35,29,29,11.66,23,152.17,0,0,1,1,3,Australia
SNJ O'Keefe (2010-2011),2010-2011,2010,2011,7,5,0,32,22,22,6.4,26,123.07,0,0,0,4,1,Australia
TR Birt ,2010-2012,2010,2012,4,3,0,31,17,17,10.33,33,93.93,0,0,0,3,1,Australia
PJ Cummins ,2011-2017,2011,2017,18,10,3,28,13,13,4,34,82.35,0,0,2,1,1,Australia
DT Christian ,2010-2017,2010,2017,16,7,3,27,9,9,6.75,28,96.42,0,0,1,2,0,Australia
AJ Turner ,2017-2017,2017,2017,3,3,0,26,18,18,8.66,21,123.8,0,0,0,1,0,Australia
PM Nevill ,2016-2016,2016,2016,9,5,4,25,10*,10,25,11,227.27,0,0,0,1,2,Australia
JN Gillespie ,2005-2005,2005,2005,1,1,0,24,24,24,24,18,133.33,0,0,0,4,0,Australia
A Zampa ,2016-2018,2016,2018,20,6,4,23,9,9,11.5,26,88.46,0,0,0,2,0,Australia
MJ North ,2009-2009,2009,2009,1,1,0,20,20,20,20,21,95.23,0,0,0,1,0,Australia
CJ McKay ,2010-2013,2010,2013,6,4,2,19,7,7,9.5,22,86.36,0,0,1,1,1,Australia
XJ Doherty ,2012-2013,2012,2013,11,4,3,18,9*,9,18,17,105.88,0,0,0,1,0,Australia
CJ Ferguson ,2009-2009,2009,2009,3,3,0,16,8,8,5.33,19,84.21,0,0,1,1,0,Australia
DP Nannes ,2009-2010,2009,2010,15,4,3,16,12*,12,16,11,145.45,0,0,0,1,1,Australia
BJ Rohrer ,2013-2013,2013,2013,1,1,0,16,16,16,16,14,114.28,0,0,0,0,1,Australia
NW Bracken ,2006-2009,2006,2009,19,6,3,15,4*,4,5,22,68.18,0,0,1,1,0,Australia
LA Pomersbach ,2007-2007,2007,2007,1,1,0,15,15,15,15,7,214.28,0,0,0,1,1,Australia
MA Starc ,2012-2018,2012,2018,23,6,2,12,4,4,3,18,66.66,0,0,0,0,0,Australia
SW Tait ,2007-2016,2007,2016,21,6,2,11,6,6,2.75,15,73.33,0,0,1,0,1,Australia
KW Richardson ,2014-2018,2014,2018,9,2,0,9,9,9,4.5,8,112.5,0,0,1,0,0,Australia
B Stanlake ,2017-2018,2017,2018,17,2,1,9,7,7,9,12,75,0,0,0,0,1,Australia
NM Hauritz ,2009-2009,2009,2009,3,2,0,6,4,4,3,10,60,0,0,0,1,0,Australia
PJ Hughes ,2014-2014,2014,2014,1,1,0,6,6,6,6,8,75,0,0,0,1,0,Australia
JA Richardson ,2017-2018,2017,2018,7,2,1,6,6*,6,6,3,200,0,0,1,1,0,Australia
SA Abbott ,2014-2014,2014,2014,3,1,0,5,5,5,5,8,62.5,0,0,0,1,0,Australia
GD McGrath ,2005-2005,2005,2005,2,1,0,5,5,5,5,12,41.66,0,0,0,0,0,Australia
JL Pattinson ,2011-2012,2011,2012,4,2,2,5,5*,5,-,3,166.66,0,0,0,1,0,Australia
CJ Boyce ,2014-2016,2014,2016,7,2,1,4,3,3,4,7,57.14,0,0,0,0,0,Australia
NM Lyon ,2016-2018,2016,2018,2,1,1,4,4*,4,-,4,100,0,0,0,0,0,Australia
JM Muirhead ,2014-2014,2014,2014,5,2,1,4,3,3,4,8,50,0,0,0,0,0,Australia
NJ Reardon ,2014-2014,2014,2014,2,1,0,4,4,4,4,8,50,0,0,0,0,0,Australia
Fawad Ahmed ,2013-2013,2013,2013,2,1,1,3,3*,3,-,5,60,0,0,0,0,0,Australia
MS Kasprowicz ,2005-2005,2005,2005,2,1,1,3,3*,3,-,5,60,0,0,0,0,0,Australia
MJ Swepson ,2018-2018,2018,2018,1,1,1,3,3*,3,-,4,75,0,0,0,0,0,Australia
RJ Harris ,2010-2010,2010,2010,3,1,1,2,2*,2,-,1,200,0,0,0,0,0,Australia
BW Hilfenhaus ,2007-2012,2007,2012,7,3,1,2,2,2,1,10,20,0,0,1,0,0,Australia
DE Bollinger ,2011-2014,2011,2014,9,2,2,1,1*,1,-,1,100,0,0,0,0,0,Australia
PM Siddle ,2009-2010,2009,2010,2,1,1,1,1*,1,-,1,100,0,0,0,0,0,Australia
JD Wildermuth ,2018-2018,2018,2018,2,1,1,1,1*,1,-,1,100,0,0,0,0,0,Australia
CT Bancroft ,2016-2016,2016,2016,1,1,1,0,0*,0,-,0,-,0,0,0,0,0,Australia
SM Harwood ,2007-2009,2007,2009,3,1,1,0,0*,0,-,0,-,0,0,0,0,0,Australia
AA Noffke ,2007-2008,2007,2008,2,1,0,0,0,0,0,0,-,0,0,1,0,0,Australia
JP Behrendorff ,2017-2018,2017,2018,5,-,-,-,-,-,-,-,-,-,-,-,-,-,Australia
SM Boland ,2016-2016,2016,2016,3,-,-,-,-,-,-,-,-,-,-,-,-,-,Australia
SR Clark ,2006-2007,2006,2007,9,-,-,-,-,-,-,-,-,-,-,-,-,-,Australia
B Geeves ,2009-2009,2009,2009,1,-,-,-,-,-,-,-,-,-,-,-,-,-,Australia
JR Hazlewood ,2013-2016,2013,2016,7,-,-,-,-,-,-,-,-,-,-,-,-,-,Australia
B Laughlin ,2009-2013,2009,2013,3,-,-,-,-,-,-,-,-,-,-,-,-,-,Australia
ML Lewis ,2006-2006,2006,2006,2,-,-,-,-,-,-,-,-,-,-,-,-,-,Australia
JP Duminy ,2007-2018,2007,2018,78,72,23,1858,96*,96,37.91,1494,124.36,0,11,6,133,66,South Africa
AB de Villiers ,2006-2017,2006,2017,78,75,11,1672,79*,79,26.12,1237,135.16,0,10,5,140,60,South Africa
F du Plessis ,2012-2018,2012,2018,39,39,6,1202,119,119,36.42,893,134.6,1,7,0,113,37,South Africa
HM Amla ,2009-2018,2009,2018,41,41,5,1158,97*,97,32.16,883,131.14,0,7,2,133,23,South Africa
DA Miller ,2010-2018,2010,2018,61,54,16,1112,101*,101,29.26,802,138.65,1,1,0,77,48,South Africa
GC Smith ,2005-2011,2005,2011,33,33,2,982,89*,89,31.67,770,127.53,0,5,1,123,26,South Africa
Q de Kock ,2012-2018,2012,2018,35,35,4,874,59,59,28.19,681,128.34,0,2,3,101,27,South Africa
JH Kallis ,2005-2012,2005,2012,25,23,4,666,73,73,35.05,558,119.35,0,5,0,56,20,South Africa
JA Morkel ,2005-2015,2005,2015,50,38,11,572,43,43,21.18,402,142.28,0,0,1,29,39,South Africa
F Behardien ,2012-2018,2012,2018,38,30,14,518,64*,64,32.37,404,128.21,0,1,1,37,16,South Africa
HH Gibbs ,2005-2010,2005,2010,23,23,1,400,90*,90,18.18,318,125.78,0,3,4,45,12,South Africa
RR Rossouw ,2014-2016,2014,2016,15,14,3,327,78,78,29.72,237,137.97,0,2,2,29,12,South Africa
LE Bosman ,2006-2010,2006,2010,14,14,1,323,94,94,24.84,219,147.48,0,3,2,27,20,South Africa
RR Hendricks ,2014-2018,2014,2018,14,14,0,313,70,70,22.35,270,115.92,0,1,2,36,4,South Africa
MV Boucher ,2005-2010,2005,2010,25,21,6,268,36*,36,17.86,275,97.45,0,0,0,22,2,South Africa
RE Levi ,2012-2012,2012,2012,13,13,2,236,117*,117,21.45,167,141.31,1,1,3,20,15,South Africa
MN van Wyk ,2007-2015,2007,2015,8,7,1,225,114*,114,37.5,157,143.31,1,1,0,19,14,South Africa
CA Ingram ,2010-2012,2010,2012,9,9,1,210,78,78,26.25,162,129.62,0,1,1,23,7,South Africa
JM Kemp ,2005-2007,2005,2007,8,7,3,203,89*,89,50.75,160,126.87,0,1,0,17,10,South Africa
J Botha ,2006-2012,2006,2012,40,20,9,201,34,34,18.27,165,121.81,0,0,1,15,9,South Africa
H Davids ,2012-2013,2012,2013,9,9,0,161,68,68,17.88,134,120.14,0,2,2,18,4,South Africa
JL Ontong ,2008-2015,2008,2015,14,10,0,158,48,48,15.8,109,144.95,0,0,1,6,11,South Africa
H Klaasen ,2018-2018,2018,2018,6,6,0,144,69,69,24,85,169.41,0,1,0,8,11,South Africa
JT Smuts ,2017-2018,2017,2018,8,8,0,126,45,45,15.75,114,110.52,0,0,1,14,5,South Africa
RJ Peterson ,2006-2014,2006,2014,21,12,4,124,34,34,15.5,113,109.73,0,0,1,13,2,South Africa
WD Parnell ,2009-2017,2009,2017,40,13,9,114,29*,29,28.5,96,118.75,0,0,0,10,3,South Africa
M Mosehle ,2017-2017,2017,2017,7,6,1,105,36,36,21,65,161.53,0,0,0,6,9,South Africa
D Wiese ,2013-2016,2013,2016,20,11,4,92,28,28,13.14,75,122.66,0,0,1,4,3,South Africa
SM Pollock ,2005-2008,2005,2008,12,9,2,86,36*,36,12.28,70,122.85,0,0,3,4,4,South Africa
CH Morris ,2012-2018,2012,2018,18,11,3,77,17*,17,9.62,71,108.45,0,0,3,7,2,South Africa
HE van der Dussen ,2018-2018,2018,2018,2,2,0,69,56,56,34.5,52,132.69,0,1,0,6,2,South Africa
C Jonker ,2018-2018,2018,2018,2,2,0,57,49,49,28.5,29,196.55,0,0,0,5,3,South Africa
RE van der Merwe ,2009-2010,2009,2010,13,6,3,57,48,48,19,50,114,0,0,1,2,4,South Africa
HG Kuhn ,2009-2017,2009,2017,7,6,2,49,29,29,12.25,42,116.66,0,0,0,3,2,South Africa
AL Phehlukwayo ,2017-2018,2017,2018,16,7,3,46,27*,27,11.5,45,102.22,0,0,3,6,0,South Africa
JJ van der Wath ,2006-2007,2006,2007,8,4,1,46,21,21,15.33,39,117.94,0,0,0,3,1,South Africa
J Theron ,2010-2012,2010,2012,9,3,3,32,31*,31,-,21,152.38,0,0,0,3,1,South Africa
TB de Bruyn ,2017-2017,2017,2017,2,2,0,26,19,19,13,16,162.5,0,0,0,3,1,South Africa
RK Kleinveldt ,2008-2013,2008,2013,6,3,2,25,22,22,25,10,250,0,0,0,1,3,South Africa
KJ Abbott ,2013-2016,2013,2016,21,6,4,23,9*,9,11.5,20,115,0,0,0,2,0,South Africa
M Morkel ,2007-2017,2007,2017,41,7,5,21,8*,8,10.5,16,131.25,0,0,0,3,1,South Africa
AM Phangiso ,2012-2018,2012,2018,16,3,0,19,13,13,6.33,29,65.51,0,0,0,1,0,South Africa
Imran Tahir ,2013-2018,2013,2018,34,3,2,18,9*,9,18,17,105.88,0,0,0,1,1,South Africa
BE Hendricks ,2014-2017,2014,2017,7,2,1,15,12*,12,15,15,100,0,0,0,0,1,South Africa
DW Steyn ,2007-2016,2007,2016,42,9,4,15,5,5,3,20,75,0,0,1,1,0,South Africa
VB van Jaarsveld ,2009-2009,2009,2009,3,3,0,15,12,12,5,23,65.21,0,0,1,0,0,South Africa
CJ Dala ,2018-2018,2018,2018,5,3,3,14,12*,12,-,21,66.66,0,0,0,1,0,South Africa
AN Petersen ,2010-2010,2010,2010,2,2,0,14,8,8,7,19,73.68,0,0,0,1,0,South Africa
VD Philander ,2007-2007,2007,2007,7,4,0,14,6,6,3.5,28,50,0,0,0,0,0,South Africa
AJ Hall ,2006-2006,2006,2006,2,1,0,11,11,11,11,10,110,0,0,0,1,0,South Africa
M Ntini ,2005-2011,2005,2011,10,4,2,10,5,5,5,11,90.9,0,0,1,2,0,South Africa
R McLaren ,2009-2014,2009,2014,12,4,3,9,6*,6,9,13,69.23,0,0,0,0,0,South Africa
GH Bodi ,2007-2007,2007,2007,1,1,0,8,8,8,8,25,32,0,0,0,0,0,South Africa
ND McKenzie ,2006-2009,2006,2009,2,1,1,7,7*,7,-,8,87.5,0,0,0,0,0,South Africa
L Ngidi ,2017-2018,2017,2018,7,2,1,6,4,4,6,9,66.66,0,0,0,0,0,South Africa
JA Rudolph ,2006-2006,2006,2006,1,1,1,6,6*,6,-,7,85.71,0,0,0,0,0,South Africa
D Paterson ,2017-2018,2017,2018,8,2,1,5,4*,4,5,2,250,0,0,0,1,0,South Africa
AG Prince ,2005-2005,2005,2005,1,1,0,5,5,5,5,6,83.33,0,0,0,0,0,South Africa
K Rabada ,2014-2018,2014,2018,18,3,2,5,5*,5,5,8,62.5,0,0,1,0,0,South Africa
R Telemachus ,2006-2007,2006,2007,3,1,1,5,5*,5,-,3,166.66,0,0,0,0,0,South Africa
CK Langeveldt ,2005-2010,2005,2010,9,3,2,4,2*,2,4,8,50,0,0,0,0,0,South Africa
GJP Kruger ,2006-2006,2006,2006,1,1,0,3,3,3,3,5,60,0,0,0,0,0,South Africa
GL Cloete ,2018-2018,2018,2018,1,1,0,2,2,2,2,3,66.66,0,0,0,0,0,South Africa
LL Tsotsobe ,2009-2014,2009,2014,23,3,2,2,1*,1,2,10,20,0,0,0,0,0,South Africa
HH Dippenaar ,2006-2006,2006,2006,1,1,0,1,1,1,1,5,20,0,0,0,0,0,South Africa
J Louw ,2008-2009,2008,2009,2,1,1,1,1*,1,-,1,100,0,0,0,0,0,South Africa
T Henderson ,2006-2006,2006,2006,1,1,0,0,0,0,0,2,0,0,0,1,0,0,South Africa
A Nel ,2005-2007,2005,2007,2,1,1,0,0*,0,-,2,0,0,0,0,0,0,South Africa
T Shamsi ,2017-2018,2017,2018,9,2,1,0,0*,0,0,4,0,0,0,1,0,0,South Africa
M Zondeki ,2006-2006,2006,2006,1,1,0,0,0,0,0,1,0,0,0,1,0,0,South Africa
YA Abdulla ,2009-2009,2009,2009,2,-,-,-,-,-,-,-,-,-,-,-,-,-,South Africa
N Boje ,2005-2005,2005,2005,1,-,-,-,-,-,-,-,-,-,-,-,-,-,South Africa
M de Lange ,2012-2015,2012,2015,6,-,-,-,-,-,-,-,-,-,-,-,-,-,South Africa
R Frylinck ,2017-2018,2017,2018,3,-,-,-,-,-,-,-,-,-,-,-,-,-,South Africa
E Leie ,2015-2015,2015,2015,2,-,-,-,-,-,-,-,-,-,-,-,-,-,South Africa
D Pretorius ,2017-2017,2017,2017,2,-,-,-,-,-,-,-,-,-,-,-,-,-,South Africa
AC Thomas ,2007-2007,2007,2007,1,-,-,-,-,-,-,-,-,-,-,-,-,-,South Africa
DJ Vilas ,2012-2012,2012,2012,1,-,-,-,-,-,-,-,-,-,-,-,-,-,South Africa
MN Samuels ,2007-2018,2007,2018,67,65,10,1611,89*,89,29.29,1386,116.23,0,10,0,144,69,West Indies
CH Gayle ,2006-2018,2006,2018,56,52,4,1607,117,117,33.47,1123,143.09,2,13,3,137,103,West Indies
DJ Bravo ,2006-2016,2006,2016,66,59,12,1142,66*,66,24.29,981,116.41,0,4,4,67,49,West Indies
LMP Simmons ,2007-2017,2007,2017,45,44,6,907,82*,82,23.86,777,116.73,0,5,6,86,33,West Indies
KA Pollard ,2008-2018,2008,2018,59,50,10,788,63*,63,19.7,618,127.5,0,2,1,56,40,West Indies
ADS Fletcher ,2008-2018,2008,2018,42,40,4,765,84*,84,21.25,707,108.2,0,6,6,54,37,West Indies
J Charles ,2011-2016,2011,2016,34,33,0,724,84,84,21.93,595,121.68,0,4,4,84,26,West Indies
E Lewis ,2016-2018,2016,2018,20,20,1,637,125*,125,33.52,389,163.75,2,4,1,38,54,West Indies
DR Smith ,2006-2015,2006,2015,33,32,0,582,72,72,18.18,474,122.78,0,3,1,62,31,West Indies
D Ramdin ,2006-2018,2006,2018,68,47,14,581,55*,55,17.6,498,116.66,0,1,3,48,18,West Indies
DJG Sammy ,2007-2016,2007,2016,66,50,16,534,42*,42,15.7,359,148.74,0,0,3,42,27,West Indies
AD Russell ,2011-2018,2011,2018,47,39,13,465,47,47,17.88,329,141.33,0,0,6,30,32,West Indies
S Chanderpaul ,2006-2010,2006,2010,22,22,5,343,41,41,20.17,347,98.84,0,0,0,34,5,West Indies
DM Bravo ,2010-2018,2010,2018,17,15,1,308,43*,43,22,278,110.79,0,0,2,26,11,West Indies
RR Sarwan ,2007-2010,2007,2010,18,16,3,298,59,59,22.92,286,104.19,0,2,1,19,6,West Indies
CR Brathwaite ,2011-2018,2011,2018,35,22,6,281,37*,37,17.56,228,123.24,0,0,1,13,20,West Indies
CAK Walton ,2014-2018,2014,2018,19,17,0,225,40,40,13.23,203,110.83,0,0,5,23,11,West Indies
R Powell ,2017-2018,2017,2018,20,15,2,221,50,50,17,191,115.7,0,1,1,18,8,West Indies
DS Smith ,2007-2009,2007,2009,6,6,0,203,61,61,33.83,161,126.08,0,2,0,22,5,West Indies
SD Hope ,2017-2018,2017,2018,9,7,0,173,55,55,24.71,111,155.85,0,1,0,19,9,West Indies
N Pooran ,2016-2018,2016,2018,8,8,2,148,53*,53,24.66,97,152.57,0,1,0,14,8,West Indies
SP Narine ,2012-2017,2012,2017,48,20,8,147,30,30,12.25,116,126.72,0,0,2,13,5,West Indies
KMA Paul ,2018-2018,2018,2018,13,9,4,124,29,29,24.8,96,129.16,0,0,0,8,7,West Indies
JE Taylor ,2006-2018,2006,2018,30,15,6,118,21,21,13.11,92,128.26,0,0,1,10,6,West Indies
XM Marshall ,2008-2009,2008,2009,6,6,0,96,36,36,16,77,124.67,0,0,1,8,4,West Indies
RS Morton ,2006-2010,2006,2010,7,7,1,96,40,40,16,103,93.2,0,0,1,8,2,West Indies
JN Mohammed ,2017-2018,2017,2018,9,8,3,90,23*,23,18,103,87.37,0,0,1,9,1,West Indies
CD Barnwell ,2011-2013,2011,2013,6,6,2,78,34*,34,19.5,62,125.8,0,0,1,4,4,West Indies
SO Hetmyer ,2018-2018,2018,2018,8,6,0,77,26,26,12.83,63,122.22,0,0,1,10,3,West Indies
AR Nurse ,2011-2018,2011,2018,12,7,5,72,20*,20,36,63,114.28,0,0,0,5,3,West Indies
TM Dowlin ,2009-2010,2009,2010,2,2,1,68,37*,37,68,69,98.55,0,0,0,8,0,West Indies
DP Hyatt ,2011-2012,2011,2012,5,5,1,64,28,28,16,54,118.51,0,0,0,4,4,West Indies
N Deonarine ,2010-2013,2010,2013,8,7,2,55,36*,36,11,53,103.77,0,0,3,5,0,West Indies
S Badree ,2012-2018,2012,2018,50,15,9,43,14*,14,7.16,63,68.25,0,0,0,1,1,West Indies
NO Miller ,2009-2014,2009,2014,9,5,4,43,15*,15,43,47,91.48,0,0,0,2,0,West Indies
JO Holder ,2014-2017,2014,2017,8,4,1,42,26*,26,14,37,113.51,0,0,1,4,1,West Indies
SJ Benn ,2008-2016,2008,2016,24,7,4,37,13*,13,12.33,42,88.09,0,0,1,5,1,West Indies
FA Allen ,2018-2018,2018,2018,6,4,0,35,27,27,8.75,31,112.9,0,0,2,5,0,West Indies
SE Findlay ,2008-2008,2008,2008,2,2,0,32,19,19,16,31,103.22,0,0,0,4,0,West Indies
WW Hinds ,2006-2010,2006,2010,5,5,1,30,14,14,7.5,41,73.17,0,0,1,3,0,West Indies
NE Bonner ,2011-2012,2011,2012,2,2,0,27,24,24,13.5,38,71.05,0,0,0,2,0,West Indies
D Ganga ,2006-2006,2006,2006,1,1,0,26,26,26,26,31,83.87,0,0,0,3,1,West Indies
AB Barath ,2010-2011,2010,2011,2,2,0,23,15,15,11.5,39,58.97,0,0,0,3,0,West Indies
FL Reifer ,2009-2009,2009,2009,1,1,0,22,22,22,22,20,110,0,0,0,2,1,West Indies
TL Best ,2013-2014,2013,2014,6,1,1,17,17*,17,-,9,188.88,0,0,0,0,2,West Indies
RR Emrit ,2018-2018,2018,2018,4,3,0,17,11,11,5.66,27,62.96,0,0,0,0,1,West Indies
KOA Powell ,2014-2014,2014,2014,1,1,0,12,12,12,12,14,85.71,0,0,0,1,0,West Indies
R Rampaul ,2007-2015,2007,2015,23,6,5,12,8,8,12,21,57.14,0,0,0,0,0,West Indies
CS Baugh ,2008-2012,2008,2012,3,3,0,10,7,7,3.33,12,83.33,0,0,0,1,0,West Indies
FH Edwards ,2007-2012,2007,2012,20,4,2,10,7*,7,5,9,111.11,0,0,1,1,0,West Indies
BA Parchment ,2007-2007,2007,2007,1,1,0,10,10,10,10,6,166.66,0,0,0,1,1,West Indies
K Pierre ,2018-2018,2018,2018,3,2,1,10,9*,9,10,9,111.11,0,0,0,2,0,West Indies
ACL Richards ,2007-2007,2007,2007,1,1,0,10,10,10,10,15,66.66,0,0,0,1,0,West Indies
WKD Perkins ,2008-2008,2008,2008,1,1,0,9,9,9,9,11,81.81,0,0,0,1,0,West Indies
O Thomas ,2018-2018,2018,2018,6,3,1,8,8*,8,4,8,100,0,0,2,2,0,West Indies
D Bishoo ,2011-2015,2011,2015,5,2,1,6,6*,6,6,6,100,0,0,1,1,0,West Indies
OF Smith ,2018-2018,2018,2018,2,1,0,6,6,6,6,5,120,0,0,0,1,0,West Indies
KOK Williams ,2016-2018,2016,2018,18,5,2,6,3,3,2,10,60,0,0,1,0,0,West Indies
SS Cottrell ,2014-2018,2014,2018,10,3,2,5,3*,3,5,10,50,0,0,1,0,0,West Indies
AM McCarthy ,2018-2018,2018,2018,1,1,0,5,5,5,5,8,62.5,0,0,0,0,0,West Indies
GE Mathurin ,2011-2012,2011,2012,3,2,2,4,3*,3,-,5,80,0,0,0,0,0,West Indies
MC Bascombe ,2011-2011,2011,2011,1,1,0,3,3,3,3,7,42.85,0,0,0,0,0,West Indies
KAJ Roach ,2008-2012,2008,2012,11,1,1,3,3*,3,-,2,150,0,0,0,0,0,West Indies
SE Rutherford ,2018-2018,2018,2018,1,1,0,2,2,2,2,6,33.33,0,0,0,0,0,West Indies
DE Bernard ,2009-2009,2009,2009,1,1,1,1,1*,1,-,1,100,0,0,0,0,0,West Indies
DBL Powell ,2007-2007,2007,2007,5,1,1,1,1*,1,-,1,100,0,0,0,0,0,West Indies
IDR Bradshaw ,2006-2006,2006,2006,1,1,1,0,0*,0,-,0,-,0,0,0,0,0,West Indies
DO Christian ,2011-2011,2011,2011,2,1,0,0,0,0,0,2,0,0,0,1,0,0,West Indies
RN Lewis ,2008-2008,2008,2008,1,1,0,0,0,0,0,4,0,0,0,1,0,0,West Indies
DM Richards ,2009-2009,2009,2009,1,1,0,0,0,0,0,1,0,0,0,1,0,0,West Indies
K Santokie ,2011-2014,2011,2014,12,1,1,0,0*,0,-,0,-,0,0,0,0,0,West Indies
LS Baker ,2008-2009,2008,2009,3,-,-,-,-,-,-,-,-,-,-,-,-,-,West Indies
DK Butler ,2006-2006,2006,2006,1,-,-,-,-,-,-,-,-,-,-,-,-,-,West Indies
ST Gabriel ,2013-2013,2013,2013,2,-,-,-,-,-,-,-,-,-,-,-,-,-,West Indies
A Martin ,2011-2011,2011,2011,1,-,-,-,-,-,-,-,-,-,-,-,-,-,West Indies
V Permaul ,2018-2018,2018,2018,1,-,-,-,-,-,-,-,-,-,-,-,-,-,West Indies
DC Thomas ,2009-2013,2009,2013,3,-,-,-,-,-,-,-,-,-,-,-,-,-,West Indies
GC Tonge ,2009-2009,2009,2009,1,-,-,-,-,-,-,-,-,-,-,-,-,-,West Indies
MJ Guptill ,2009-2018,2009,2018,75,73,7,2271,105,105,34.4,1709,132.88,2,14,2,200,103,New Zealand
BB McCullum ,2005-2015,2005,2015,71,70,10,2140,123,123,35.66,1571,136.21,2,13,3,199,91,New Zealand
LRPL Taylor ,2006-2018,2006,2018,84,76,18,1467,63,63,25.29,1210,121.23,0,5,4,94,55,New Zealand
KS Williamson ,2011-2018,2011,2018,54,52,7,1424,73*,73,31.64,1176,121.08,0,9,2,152,23,New Zealand
C Munro ,2012-2018,2012,2018,48,45,7,1277,109*,109,33.6,792,161.23,3,8,4,95,83,New Zealand
SB Styris ,2005-2010,2005,2010,31,29,2,578,66,66,21.4,483,119.66,0,1,0,40,25,New Zealand
CJ Anderson ,2012-2018,2012,2018,31,24,4,485,94*,94,24.25,351,138.17,0,2,3,30,26,New Zealand
JDP Oram ,2005-2012,2005,2012,36,30,7,474,66*,66,20.6,339,139.82,0,2,3,38,22,New Zealand
JEC Franklin ,2006-2013,2006,2013,38,31,8,463,60,60,20.13,391,118.41,0,2,2,28,23,New Zealand
JD Ryder ,2008-2014,2008,2014,22,21,1,457,62,62,22.85,358,127.65,0,3,2,47,18,New Zealand
RJ Nicol ,2010-2013,2010,2013,21,19,0,327,58,58,17.21,296,110.47,0,2,2,33,11,New Zealand
L Ronchi ,2013-2017,2013,2017,29,23,6,312,51*,51,18.35,227,137.44,0,1,4,22,13,New Zealand
NL McCullum ,2007-2016,2007,2016,63,41,15,299,36*,36,11.5,297,100.67,0,0,4,19,8,New Zealand
TC Bruce ,2017-2018,2017,2018,14,14,2,226,59*,59,18.83,176,128.4,0,1,0,21,7,New Zealand
DL Vettori ,2007-2014,2007,2014,34,22,6,205,38,38,12.81,190,107.89,0,0,3,14,2,New Zealand
CD McMillan ,2005-2007,2005,2007,8,7,1,187,57,57,31.16,117,159.82,0,1,0,8,14,New Zealand
C de Grandhomme ,2012-2018,2012,2018,22,20,7,178,41*,41,13.69,129,137.98,0,0,2,9,11,New Zealand
L Vincent ,2006-2007,2006,2007,9,9,0,174,42,42,19.33,174,100,0,0,1,17,3,New Zealand
MJ Santner ,2015-2018,2015,2018,27,17,6,170,37,37,15.45,132,128.78,0,0,2,15,5,New Zealand
TWM Latham ,2012-2017,2012,2017,13,10,0,163,39,39,16.3,157,103.82,0,0,0,12,2,New Zealand
GD Elliott ,2009-2016,2009,2016,16,14,4,157,27,27,15.7,149,105.36,0,0,0,10,2,New Zealand
HD Rutherford ,2013-2013,2013,2013,7,6,0,151,62,62,25.16,104,145.19,0,1,0,12,9,New Zealand
GD Phillips ,2017-2018,2017,2018,11,10,1,140,56,56,15.55,140,100,0,1,0,9,5,New Zealand
KD Mills ,2005-2014,2005,2014,42,19,7,137,33*,33,11.41,123,111.38,0,0,4,11,5,New Zealand
TG Southee ,2008-2018,2008,2018,54,23,7,132,23,23,8.25,96,137.5,0,0,4,12,7,New Zealand
PG Fulton ,2006-2012,2006,2012,12,12,1,127,25,25,11.54,140,90.71,0,0,2,7,6,New Zealand
AJ Redmond ,2009-2010,2009,2010,7,6,0,126,63,63,21,84,150,0,1,0,19,2,New Zealand
JDS Neesham ,2012-2017,2012,2017,15,12,3,122,28,28,13.55,93,131.18,0,0,1,15,3,New Zealand
AP Devcich ,2013-2014,2013,2014,4,4,0,111,59,59,27.75,79,140.5,0,1,0,17,2,New Zealand
SP Fleming ,2005-2006,2005,2006,5,5,0,110,38,38,22,85,129.41,0,0,0,20,0,New Zealand
GH Worker ,2015-2015,2015,2015,2,2,0,90,62,62,45,64,140.62,0,1,0,6,5,New Zealand
GJ Hopkins ,2007-2010,2007,2010,10,8,0,86,36,36,10.75,71,121.12,0,0,0,5,5,New Zealand
MS Chapman ,2018-2018,2018,2018,5,5,1,83,37*,37,20.75,69,120.28,0,0,0,4,4,New Zealand
DAJ Bracewell ,2011-2018,2011,2018,17,9,5,77,21*,21,19.25,57,135.08,0,0,2,5,4,New Zealand
NJ Astle ,2005-2006,2005,2006,4,4,1,74,40*,40,24.66,67,110.44,0,0,0,7,2,New Zealand
NT Broom ,2009-2017,2009,2017,11,7,1,73,36,36,12.16,68,107.35,0,0,0,8,1,New Zealand
PD McGlashan ,2006-2010,2006,2010,11,9,1,61,26,26,7.62,64,95.31,0,0,0,6,2,New Zealand
DR Flynn ,2008-2012,2008,2012,5,5,0,59,23,23,11.8,51,115.68,0,0,0,1,4,New Zealand
JM How ,2007-2008,2007,2008,5,5,0,56,31,31,11.2,67,83.58,0,0,0,5,1,New Zealand
IS Sodhi ,2014-2018,2014,2018,29,6,3,50,15,15,16.66,49,102.04,0,0,1,4,2,New Zealand
TL Seifert ,2018-2018,2018,2018,7,6,1,40,14*,14,8,29,137.93,0,0,2,2,4,New Zealand
AK Kitchen ,2017-2018,2017,2018,5,4,1,38,16,16,12.66,32,118.75,0,0,0,3,1,New Zealand
BJ Watling ,2009-2014,2009,2014,5,4,0,38,22,22,9.5,58,65.51,0,0,0,3,0,New Zealand
RM Hira ,2012-2013,2012,2013,15,3,1,37,20*,20,18.5,33,112.12,0,0,0,4,1,New Zealand
BM Wheeler ,2017-2018,2017,2018,6,4,2,37,30,30,18.5,28,132.14,0,0,0,3,2,New Zealand
AM Ellis ,2012-2013,2012,2013,5,5,2,25,16,16,8.33,21,119.04,0,0,0,1,1,New Zealand
PJ Ingram ,2010-2010,2010,2010,3,3,1,22,20*,20,11,35,62.85,0,0,1,3,0,New Zealand
SE Bond ,2005-2010,2005,2010,20,8,3,21,8*,8,4.2,21,100,0,0,2,2,0,New Zealand
MR Gillespie ,2006-2008,2006,2008,11,6,4,21,7,7,10.5,29,72.41,0,0,0,0,0,New Zealand
AF Milne ,2010-2018,2010,2018,21,8,8,21,10*,10,-,23,91.3,0,0,0,1,0,New Zealand
JW Wilson ,2005-2005,2005,2005,1,1,0,18,18,18,18,14,128.57,0,0,0,2,0,New Zealand
TA Blundell ,2017-2018,2017,2018,3,2,1,17,14,14,17,21,80.95,0,0,0,0,0,New Zealand
HM Nicholls ,2016-2017,2016,2017,4,3,0,15,7,7,5,22,68.18,0,0,0,2,0,New Zealand
TA Boult ,2013-2018,2013,2018,25,7,3,14,5,5,3.5,24,58.33,0,0,1,0,0,New Zealand
MJ McClenaghan ,2012-2016,2012,2016,28,7,4,14,6*,6,4.66,15,93.33,0,0,2,1,1,New Zealand
JAH Marshall ,2005-2008,2005,2008,3,2,0,14,13,13,7,15,93.33,0,0,0,2,0,New Zealand
AR Adams ,2005-2006,2005,2006,4,2,1,13,7,7,13,12,108.33,0,0,0,1,0,New Zealand
PA Hitchcock ,2008-2008,2008,2008,1,1,0,13,13,13,13,11,118.18,0,0,0,1,1,New Zealand
HJH Marshall ,2005-2006,2005,2006,3,3,0,12,8,8,4,14,85.71,0,0,0,0,0,New Zealand
MJ Henry ,2014-2017,2014,2017,6,2,1,10,10,10,10,5,200,0,0,0,2,0,New Zealand
JS Patel ,2005-2008,2005,2008,11,4,1,9,5,5,3,14,64.28,0,0,1,1,0,New Zealand
DG Brownlie ,2010-2014,2010,2014,5,5,0,6,5,5,1.2,18,33.33,0,0,3,1,0,New Zealand
IG Butler ,2009-2013,2009,2013,19,6,5,5,2*,2,5,10,50,0,0,0,0,0,New Zealand
CS Martin ,2007-2008,2007,2008,6,1,1,5,5*,5,-,6,83.33,0,0,0,0,0,New Zealand
DR Tuffey ,2005-2010,2005,2010,3,2,1,5,5*,5,5,5,100,0,0,1,1,0,New Zealand
CL Cairns ,2005-2006,2005,2006,2,2,0,3,2,2,1.5,13,23.07,0,0,0,0,0,New Zealand
MJ Mason ,2006-2008,2006,2008,3,1,0,2,2,2,2,2,100,0,0,0,0,0,New Zealand
SHA Rance ,2017-2018,2017,2018,5,2,0,2,1,1,1,4,50,0,0,0,0,0,New Zealand
TD Astle ,2016-2016,2016,2016,2,1,0,1,1,1,1,5,20,0,0,0,0,0,New Zealand
LH Ferguson ,2017-2018,2017,2018,2,1,0,1,1,1,1,3,33.33,0,0,0,0,0,New Zealand
EP Thompson ,2008-2008,2008,2008,1,1,1,1,1*,1,-,1,100,0,0,0,0,0,New Zealand
AJ McKay ,2010-2010,2010,2010,2,1,0,0,0,0,0,1,0,0,0,1,0,0,New Zealand
MS Sinclair ,2005-2007,2005,2007,2,2,0,0,0,0,0,5,0,0,0,2,0,0,New Zealand
GW Aldridge ,2011-2011,2011,2011,1,-,-,-,-,-,-,-,-,-,-,-,-,-,New Zealand
MD Bates ,2012-2012,2012,2012,3,-,-,-,-,-,-,-,-,-,-,-,-,-,New Zealand
BJ Diamanti ,2009-2009,2009,2009,1,-,-,-,-,-,-,-,-,-,-,-,-,-,New Zealand
IE O'Brien (2009-2009),2009-2009,2009,2009,4,-,-,-,-,-,-,-,-,-,-,-,-,-,New Zealand
AY Patel ,2018-2018,2018,2018,2,-,-,-,-,-,-,-,-,-,-,-,-,-,New Zealand
LJ Woodcock ,2010-2011,2010,2011,3,-,-,-,-,-,-,-,-,-,-,-,-,-,New Zealand
RG Sharma ,2007-2018,2007,2018,90,82,14,2237,118,118,32.89,1619,138.17,4,15,6,201,98,India
V Kohli ,2010-2018,2010,2018,65,60,16,2167,90*,90,49.25,1592,136.11,0,19,2,218,48,India
SK Raina ,2006-2018,2006,2018,78,66,11,1605,101,101,29.18,1190,134.87,1,5,3,145,58,India
MS Dhoni ,2006-2018,2006,2018,93,80,40,1487,56,56,37.17,1170,127.09,0,2,1,107,47,India
S Dhawan ,2011-2018,2011,2018,46,45,3,1232,92,92,29.33,927,132.9,0,9,1,138,39,India
Yuvraj Singh ,2007-2017,2007,2017,58,51,9,1177,77*,77,28.02,863,136.38,0,8,1,77,74,India
G Gambhir ,2007-2012,2007,2012,37,36,2,932,75,75,27.41,783,119.02,0,7,2,109,10,India
KL Rahul ,2016-2018,2016,2018,25,22,4,782,110*,110,43.44,527,148.38,2,4,1,67,36,India
MK Pandey ,2015-2018,2015,2018,28,23,10,538,79*,79,41.38,438,122.83,0,2,2,35,16,India
V Sehwag ,2006-2012,2006,2012,19,18,0,394,68,68,21.88,271,145.38,0,2,1,43,16,India
AM Rahane ,2011-2016,2011,2016,20,20,2,375,61,61,20.83,331,113.29,0,1,2,32,6,India
KD Karthik ,2006-2018,2006,2018,26,21,12,352,48,48,39.11,245,143.67,0,0,1,40,11,India
HH Pandya ,2016-2018,2016,2018,35,22,6,271,33*,33,16.93,177,153.1,0,0,2,15,17,India
RV Uthappa ,2007-2015,2007,2015,13,12,2,249,50,50,24.9,211,118,0,1,1,26,6,India
YK Pathan ,2007-2012,2007,2012,22,18,5,236,37*,37,18.15,161,146.58,0,0,3,11,17,India
IK Pathan ,2006-2012,2006,2012,24,14,7,172,33*,33,24.57,144,119.44,0,0,0,9,7,India
M Vijay ,2010-2015,2010,2015,9,9,0,169,48,48,18.77,154,109.74,0,0,1,13,8,India
RR Pant ,2017-2018,2017,2018,10,9,1,157,58,58,19.62,134,117.16,0,1,1,12,6,India
R Ashwin ,2010-2017,2010,2017,46,11,7,123,31*,31,30.75,115,106.95,0,0,0,14,1,India
KM Jadhav ,2015-2017,2015,2017,9,6,0,122,58,58,20.33,99,123.23,0,1,0,12,3,India
RA Jadeja ,2009-2017,2009,2017,40,18,6,116,25,25,9.66,124,93.54,0,0,2,6,2,India
Harbhajan Singh ,2006-2016,2006,2016,28,13,5,108,21,21,13.5,87,124.13,0,0,1,11,4,India
Mandeep Singh ,2016-2016,2016,2016,3,3,1,87,52*,52,43.5,73,119.17,0,1,0,11,1,India
SS Iyer ,2017-2017,2017,2017,6,5,0,83,30,30,16.6,80,103.75,0,0,1,8,1,India
AR Patel ,2015-2018,2015,2018,11,7,3,68,20*,20,17,54,125.92,0,0,0,3,3,India
S Badrinath ,2011-2011,2011,2011,1,1,0,43,43,43,43,37,116.21,0,0,0,5,0,India
AT Rayudu ,2014-2016,2014,2016,6,5,1,42,20,20,10.5,50,84,0,0,2,5,0,India
D Mongia ,2006-2006,2006,2006,1,1,0,38,38,38,38,45,84.44,0,0,0,4,1,India
PA Patel ,2011-2011,2011,2011,2,2,0,36,26,26,18,32,112.5,0,0,0,4,1,India
STR Binny ,2015-2016,2015,2016,3,2,0,35,24,24,17.5,29,120.68,0,0,0,2,1,India
R Dravid ,2011-2011,2011,2011,1,1,0,31,31,31,31,21,147.61,0,0,0,0,3,India
A Nehra ,2009-2017,2009,2017,27,5,0,28,22,22,5.6,39,71.79,0,0,3,1,2,India
KH Pandya ,2018-2018,2018,2018,6,2,1,23,21*,21,23,13,176.92,0,0,0,3,0,India
AB Dinda ,2009-2012,2009,2012,9,2,1,22,19,19,22,24,91.66,0,0,0,1,0,India
B Kumar ,2012-2018,2012,2018,34,8,5,22,9,9,7.33,26,84.61,0,0,1,0,0,India
Kuldeep Yadav ,2017-2018,2017,2018,17,2,1,20,16,16,20,20,100,0,0,0,2,0,India
S Sreesanth ,2006-2008,2006,2008,10,3,2,20,19*,19,20,14,142.85,0,0,1,4,0,India
SV Samson ,2015-2015,2015,2015,1,1,0,19,19,19,19,24,79.16,0,0,0,1,0,India
V Shankar ,2018-2018,2018,2018,5,1,0,17,17,17,17,19,89.47,0,0,0,3,0,India
AB Agarkar ,2006-2007,2006,2007,4,2,0,15,14,14,7.5,11,136.36,0,0,0,2,0,India
MK Tiwary ,2011-2012,2011,2012,3,1,0,15,15,15,15,17,88.23,0,0,0,0,0,India
Z Khan ,2006-2012,2006,2012,17,4,2,13,9,9,6.5,10,130,0,0,0,0,1,India
NV Ojha ,2010-2010,2010,2010,2,2,0,12,10,10,6,27,44.44,0,0,0,2,0,India
PP Ojha ,2009-2010,2009,2010,6,1,1,10,10*,10,-,6,166.66,0,0,0,0,1,India
SR Tendulkar ,2006-2006,2006,2006,1,1,0,10,10,10,10,12,83.33,0,0,0,2,0,India
JJ Bumrah ,2016-2018,2016,2018,40,6,4,8,7,7,4,13,61.53,0,0,1,1,0,India
I Sharma ,2008-2013,2008,2013,14,3,2,8,5*,5,8,9,88.88,0,0,1,1,0,India
P Kumar ,2008-2012,2008,2012,10,3,0,7,6,6,2.33,16,43.75,0,0,1,0,0,India
Parvez Rasool ,2017-2017,2017,2017,1,1,0,5,5,5,5,6,83.33,0,0,0,0,0,India
YS Chahal ,2016-2018,2016,2018,27,1,1,3,3*,3,-,2,150,0,0,0,0,0,India
MM Sharma ,2014-2015,2014,2015,8,2,2,3,3*,3,-,7,42.85,0,0,0,0,0,India
RP Singh ,2007-2009,2007,2009,10,2,2,3,2*,2,-,3,100,0,0,0,0,0,India
R Vinay Kumar ,2010-2013,2010,2013,9,1,1,2,2*,2,-,4,50,0,0,0,0,0,India
R Dhawan ,2016-2016,2016,2016,1,1,1,1,1*,1,-,2,50,0,0,0,0,0,India
DS Kulkarni ,2016-2016,2016,2016,2,1,1,1,1*,1,-,1,100,0,0,0,0,0,India
Sandeep Sharma ,2015-2015,2015,2015,2,1,1,1,1*,1,-,1,100,0,0,0,0,0,India
PP Chawla ,2010-2012,2010,2012,7,1,0,0,0,0,0,1,0,0,0,1,0,0,India
A Mishra ,2010-2017,2010,2017,10,1,0,0,0,0,0,0,-,0,0,1,0,0,India
MM Patel ,2011-2011,2011,2011,3,1,0,0,0,0,0,1,0,0,0,1,0,0,India
Washington Sundar ,2017-2018,2017,2018,7,1,1,0,0*,0,-,0,-,0,0,0,0,0,India
KK Ahmed ,2018-2018,2018,2018,6,-,-,-,-,-,-,-,-,-,-,-,-,-,India
S Aravind ,2015-2015,2015,2015,1,-,-,-,-,-,-,-,-,-,-,-,-,-,India
P Awana ,2012-2012,2012,2012,2,-,-,-,-,-,-,-,-,-,-,-,-,-,India
L Balaji ,2012-2012,2012,2012,5,-,-,-,-,-,-,-,-,-,-,-,-,-,India
DL Chahar ,2018-2018,2018,2018,1,-,-,-,-,-,-,-,-,-,-,-,-,-,India
Joginder Sharma ,2007-2007,2007,2007,4,-,-,-,-,-,-,-,-,-,-,-,-,-,India
M Kartik ,2007-2007,2007,2007,1,-,-,-,-,-,-,-,-,-,-,-,-,-,India
S Kaul ,2018-2018,2018,2018,2,-,-,-,-,-,-,-,-,-,-,-,-,-,India
Mohammed Shami ,2014-2017,2014,2017,7,-,-,-,-,-,-,-,-,-,-,-,-,-,India
Mohammed Siraj ,2017-2018,2017,2018,3,-,-,-,-,-,-,-,-,-,-,-,-,-,India
P Negi ,2016-2016,2016,2016,1,-,-,-,-,-,-,-,-,-,-,-,-,-,India
KV Sharma ,2014-2014,2014,2014,1,-,-,-,-,-,-,-,-,-,-,-,-,-,India
R Sharma ,2012-2012,2012,2012,2,-,-,-,-,-,-,-,-,-,-,-,-,-,India
BB Sran ,2016-2016,2016,2016,2,-,-,-,-,-,-,-,-,-,-,-,-,-,India
SN Thakur ,2018-2018,2018,2018,7,-,-,-,-,-,-,-,-,-,-,-,-,-,India
S Tyagi ,2009-2009,2009,2009,1,-,-,-,-,-,-,-,-,-,-,-,-,-,India
JD Unadkat ,2016-2018,2016,2018,10,-,-,-,-,-,-,-,-,-,-,-,-,-,India
UT Yadav ,2012-2018,2012,2018,6,-,-,-,-,-,-,-,-,-,-,-,-,-,India
Shoaib Malik ,2006-2018,2006,2018,107,100,30,2178,75,75,31.11,1763,123.53,0,7,1,177,60,Pakistan
Mohammad Hafeez ,2006-2018,2006,2018,89,86,8,1908,86,86,24.46,1643,116.12,0,10,6,196,51,Pakistan
Umar Akmal ,2009-2016,2009,2016,82,77,14,1690,94,94,26.82,1375,122.9,0,8,8,122,55,Pakistan
Ahmed Shehzad ,2009-2018,2009,2018,57,57,2,1454,111*,111,26.43,1257,115.67,1,7,2,157,32,Pakistan
Shahid Afridi ,2006-2016,2006,2016,98,90,12,1405,54*,54,18.01,932,150.75,0,4,8,102,73,Pakistan
Babar Azam ,2016-2018,2016,2018,26,26,7,1031,97*,97,54.26,829,124.36,0,8,0,98,13,Pakistan
Kamran Akmal ,2006-2017,2006,2017,58,53,6,987,73,73,21,825,119.63,0,5,7,100,31,Pakistan
Misbah-ul-Haq ,2007-2012,2007,2012,39,34,13,788,87*,87,37.52,715,110.2,0,3,2,45,26,Pakistan
Sarfraz Ahmed ,2010-2018,2010,2018,54,38,12,745,89*,89,28.65,579,128.67,0,3,2,74,14,Pakistan
Fakhar Zaman ,2017-2018,2017,2018,26,25,0,706,91,91,28.24,505,139.8,0,4,0,79,21,Pakistan
Salman Butt ,2007-2010,2007,2010,24,23,2,595,74,74,28.33,551,107.98,0,3,1,66,10,Pakistan
Imran Nazir ,2007-2012,2007,2012,25,24,1,500,72,72,21.73,370,135.13,0,3,2,59,22,Pakistan
Younis Khan ,2006-2010,2006,2010,25,23,3,442,51,51,22.1,364,121.42,0,2,2,31,12,Pakistan
Abdul Razzaq ,2006-2013,2006,2013,32,29,10,393,46*,46,20.68,337,116.61,0,0,2,21,21,Pakistan
Nasir Jamshed ,2012-2013,2012,2013,18,18,1,363,56,56,21.35,320,113.43,0,2,1,34,12,Pakistan
Sharjeel Khan ,2013-2016,2013,2016,15,15,0,360,59,59,24,262,137.4,0,2,0,48,13,Pakistan
Hussain Talat ,2018-2018,2018,2018,11,11,1,273,63,63,27.3,232,117.67,0,1,1,23,4,Pakistan
Asif Ali ,2018-2018,2018,2018,16,15,6,237,41*,41,26.33,171,138.59,0,0,1,11,15,Pakistan
Khalid Latif ,2008-2016,2008,2016,13,13,2,237,59*,59,21.54,229,103.49,0,1,1,25,6,Pakistan
Sohaib Maqsood ,2013-2016,2013,2016,20,18,2,221,37,37,13.81,201,109.95,0,0,2,15,8,Pakistan
Sohail Tanvir ,2007-2017,2007,2017,57,25,8,196,41,41,11.52,164,119.51,0,0,2,16,9,Pakistan
Fawad Alam ,2007-2010,2007,2010,24,17,6,194,28,28,17.63,169,114.79,0,0,1,7,7,Pakistan
Asad Shafiq ,2010-2012,2010,2012,10,10,0,192,38,38,19.2,185,103.78,0,0,0,19,2,Pakistan
Mukhtar Ahmed ,2015-2015,2015,2015,6,6,0,192,83,83,32,134,143.28,0,2,0,23,5,Pakistan
Umar Gul ,2007-2016,2007,2016,60,27,9,165,32,32,9.16,156,105.76,0,0,6,11,10,Pakistan
Umar Amin ,2013-2018,2013,2018,14,9,0,142,47,47,15.77,123,115.44,0,0,3,15,4,Pakistan
Imad Wasim ,2015-2018,2015,2018,31,19,8,140,24*,24,12.72,92,152.17,0,0,5,10,7,Pakistan
Wahab Riaz ,2008-2017,2008,2017,27,14,4,126,30*,30,12.6,107,117.75,0,0,2,9,5,Pakistan
Shahzaib Hasan ,2009-2010,2009,2010,10,10,0,116,35,35,11.6,130,89.23,0,0,3,13,3,Pakistan
Anwar Ali ,2008-2016,2008,2016,16,11,4,109,46,46,15.57,77,141.55,0,0,0,6,6,Pakistan
Mohammad Rizwan ,2015-2016,2015,2016,10,7,1,106,33*,33,17.66,109,97.24,0,0,0,9,1,Pakistan
Faheem Ashraf ,2017-2018,2017,2018,23,14,6,96,21,21,12,79,121.51,0,0,4,5,6,Pakistan
Yasir Arafat ,2007-2012,2007,2012,13,11,4,92,17,17,13.14,79,116.45,0,0,0,8,2,Pakistan
Saeed Ajmal ,2009-2015,2009,2015,64,23,12,91,21*,21,8.27,86,105.81,0,0,3,7,2,Pakistan
Haris Sohail ,2013-2018,2013,2018,9,8,2,90,30*,30,15,87,103.44,0,0,1,6,1,Pakistan
Shadab Khan ,2017-2018,2017,2018,29,8,2,86,29,29,14.33,68,126.47,0,0,1,4,3,Pakistan
Imran Farhat ,2010-2011,2010,2011,7,7,0,76,19,19,10.85,70,108.57,0,0,1,14,0,Pakistan
Awais Zia ,2012-2014,2012,2014,5,5,0,70,23,23,14,80,87.5,0,0,0,4,3,Pakistan
Shoaib Khan jnr ,2008-2008,2008,2008,4,4,0,65,50,50,16.25,74,87.83,0,1,1,7,0,Pakistan
Mohammad Yousuf ,2006-2010,2006,2010,3,3,0,50,26,26,16.66,43,116.27,0,0,0,5,1,Pakistan
Hasan Ali ,2016-2018,2016,2018,27,7,4,49,23,23,16.33,28,175,0,0,2,3,4,Pakistan
Mohammad Amir ,2009-2018,2009,2018,41,10,4,44,21*,21,7.33,57,77.19,0,0,1,1,2,Pakistan
Saad Nasim ,2014-2014,2014,2014,3,2,0,44,25,25,22,53,83.01,0,0,0,0,1,Pakistan
Sahibzada Farhan ,2018-2018,2018,2018,3,3,0,40,39,39,13.33,46,86.95,0,0,1,2,3,Pakistan
Rafatullah Mohmand ,2015-2015,2015,2015,3,3,0,39,23,23,13,45,86.66,0,0,1,4,0,Pakistan
Hammad Azam ,2012-2013,2012,2013,5,4,1,34,21,21,11.33,34,100,0,0,0,3,1,Pakistan
Zulfiqar Babar ,2013-2014,2013,2014,7,3,3,27,13*,13,-,27,100,0,0,0,2,1,Pakistan
Rameez Raja ,2011-2011,2011,2011,2,2,0,24,23,23,12,29,82.75,0,0,0,2,0,Pakistan
Bilawal Bhatti ,2013-2015,2013,2015,9,4,2,23,13*,13,11.5,14,164.28,0,0,1,2,1,Pakistan
Zulqarnain Haider ,2007-2010,2007,2010,3,3,0,23,17,17,7.66,30,76.66,0,0,0,1,0,Pakistan
Abdur Rehman ,2007-2013,2007,2013,8,5,3,22,7*,7,11,29,75.86,0,0,0,0,0,Pakistan
Mohammad Sami ,2010-2016,2010,2016,13,4,3,21,8,8,21,30,70,0,0,0,2,0,Pakistan
Shoaib Akhtar ,2006-2010,2006,2010,15,6,3,21,8*,8,7,16,131.25,0,0,1,2,1,Pakistan
Nauman Anwar ,2015-2015,2015,2015,1,1,0,18,18,18,18,10,180,0,0,0,2,1,Pakistan
Naved-ul-Hasan ,2006-2010,2006,2010,4,2,1,18,17*,17,18,16,112.5,0,0,0,0,2,Pakistan
Raza Hasan ,2012-2014,2012,2014,10,4,4,18,13*,13,-,25,72,0,0,0,2,0,Pakistan
Aamer Yamin ,2015-2018,2015,2018,2,1,1,15,15*,15,-,6,250,0,0,0,1,1,Pakistan
Mohammad Nawaz ,2016-2018,2016,2018,16,2,0,13,7,7,6.5,20,65,0,0,0,1,0,Pakistan
Inzamam-ul-Haq ,2006-2006,2006,2006,1,1,1,11,11*,11,-,15,73.33,0,0,0,0,1,Pakistan
Khurram Manzoor ,2016-2016,2016,2016,3,3,0,11,10,10,3.66,27,40.74,0,0,1,1,0,Pakistan
Yasir Shah ,2011-2011,2011,2011,2,1,1,11,11*,11,-,7,157.14,0,0,0,1,0,Pakistan
Mohammad Asif ,2006-2010,2006,2010,11,3,3,9,5*,5,-,3,300,0,0,0,2,0,Pakistan
Mohammad Salman ,2011-2011,2011,2011,1,1,0,5,5,5,5,6,83.33,0,0,0,0,0,Pakistan
Mohammad Irfan ,2012-2016,2012,2016,20,4,4,4,2*,2,-,8,50,0,0,0,0,0,Pakistan
Junaid Khan ,2011-2014,2011,2014,9,2,2,3,3*,3,-,4,75,0,0,0,0,0,Pakistan
Usman Shinwari ,2013-2018,2013,2018,13,2,2,2,2*,2,-,3,66.66,0,0,0,0,0,Pakistan
Sohail Khan ,2008-2017,2008,2017,5,1,1,1,1*,1,-,1,100,0,0,0,0,0,Pakistan
Aizaz Cheema ,2011-2012,2011,2012,5,1,1,0,0*,0,-,3,0,0,0,0,0,0,Pakistan
Iftikhar Ahmed ,2016-2016,2016,2016,1,1,1,0,0*,0,-,0,-,0,0,0,0,0,Pakistan
Imran Khan ,2015-2015,2015,2015,3,1,0,0,0,0,0,1,0,0,0,1,0,0,Pakistan
Rumman Raees ,2016-2018,2016,2018,8,1,1,0,0*,0,-,0,-,0,0,0,0,0,Pakistan
Shakeel Ansar ,2012-2012,2012,2012,2,1,0,0,0,0,0,1,0,0,0,1,0,0,Pakistan
Abdur Rauf ,2008-2008,2008,2008,1,-,-,-,-,-,-,-,-,-,-,-,-,-,Pakistan
Asad Ali ,2013-2013,2013,2013,2,-,-,-,-,-,-,-,-,-,-,-,-,-,Pakistan
Iftikhar Anjum ,2007-2009,2007,2009,2,-,-,-,-,-,-,-,-,-,-,-,-,-,Pakistan
Mansoor Amjad ,2008-2008,2008,2008,1,-,-,-,-,-,-,-,-,-,-,-,-,-,Pakistan
Shabbir Ahmed ,2007-2007,2007,2007,1,-,-,-,-,-,-,-,-,-,-,-,-,-,Pakistan
Shaheen Shah Afridi ,2018-2018,2018,2018,7,-,-,-,-,-,-,-,-,-,-,-,-,-,Pakistan
Tanvir Ahmed ,2010-2010,2010,2010,1,-,-,-,-,-,-,-,-,-,-,-,-,-,Pakistan
Waqas Maqsood ,2018-2018,2018,2018,1,-,-,-,-,-,-,-,-,-,-,-,-,-,Pakistan
TM Dilshan ,2006-2016,2006,2016,80,79,12,1889,104*,104,28.19,1567,120.54,1,13,10,223,33,Sri Lanka
DPMD Jayawardene ,2006-2014,2006,2014,55,55,8,1493,100,100,31.76,1121,133.18,1,9,4,173,33,Sri Lanka
KC Sangakkara ,2006-2014,2006,2014,56,53,9,1382,78,78,31.4,1156,119.55,0,8,2,139,20,Sri Lanka
AD Mathews ,2009-2018,2009,2018,72,57,18,1055,81*,81,27.05,893,118.14,0,5,1,67,35,Sri Lanka
MDKJ Perera ,2013-2018,2013,2018,35,35,0,1023,84,84,29.22,743,137.68,0,10,0,102,38,Sri Lanka
NLTC Perera ,2010-2018,2010,2018,71,62,20,920,58,58,21.9,619,148.62,0,2,8,71,46,Sri Lanka
LD Chandimal ,2010-2018,2010,2018,54,47,4,800,58,58,18.6,766,104.43,0,4,0,73,16,Sri Lanka
CK Kapugedera ,2006-2017,2006,2017,43,38,7,703,50,50,22.67,591,118.95,0,1,0,58,25,Sri Lanka
ST Jayasuriya ,2006-2011,2006,2011,31,30,3,629,88,88,23.29,487,129.15,0,4,4,76,23,Sri Lanka
WU Tharanga ,2006-2018,2006,2018,26,26,1,407,47,47,16.28,330,123.33,0,0,3,42,12,Sri Lanka
BKG Mendis ,2016-2018,2016,2018,16,16,0,333,70,70,20.81,223,149.32,0,4,0,29,16,Sri Lanka
MD Shanaka ,2015-2018,2015,2018,26,26,5,329,54,54,15.66,291,113.05,0,1,6,23,19,Sri Lanka
MD Gunathilaka ,2016-2018,2016,2018,15,15,0,310,51,51,20.66,248,125,0,1,0,29,10,Sri Lanka
HDRL Thirimanne ,2012-2016,2012,2016,26,20,2,291,44,44,16.16,267,108.98,0,0,1,27,5,Sri Lanka
TAM Siriwardana ,2015-2017,2015,2017,22,19,3,275,42,42,17.18,208,132.21,0,0,4,16,12,Sri Lanka
N Dickwella ,2016-2018,2016,2018,14,13,0,252,68,68,19.38,186,135.48,0,1,0,37,5,Sri Lanka
J Mubarak ,2007-2009,2007,2009,16,15,4,238,46*,46,21.63,188,126.59,0,0,2,21,8,Sri Lanka
DAS Gunaratne ,2016-2017,2016,2017,12,12,3,225,84*,84,25,178,126.4,0,2,2,19,6,Sri Lanka
DM de Silva ,2015-2018,2015,2018,9,9,0,215,62,62,23.88,199,108.04,0,1,0,16,4,Sri Lanka
KMDN Kulasekara ,2008-2017,2008,2017,58,30,9,215,31,31,10.23,184,116.84,0,0,4,14,7,Sri Lanka
EMDY Munaweera ,2012-2017,2012,2017,13,13,1,215,53,53,17.91,164,131.09,0,1,1,25,7,Sri Lanka
S Prasanna ,2013-2017,2013,2017,20,20,6,214,37*,37,15.28,161,132.91,0,0,0,13,13,Sri Lanka
BMAJ Mendis ,2011-2018,2011,2018,22,15,4,207,43*,43,18.81,174,118.96,0,0,1,18,6,Sri Lanka
LPC Silva ,2006-2011,2006,2011,16,15,2,175,38,38,13.46,177,98.87,0,0,0,19,3,Sri Lanka
GSNFG Jayasuriya ,2015-2016,2015,2016,11,10,0,157,40,40,15.7,141,111.34,0,0,0,11,7,Sri Lanka
ML Udawatte ,2008-2017,2008,2017,8,8,0,96,25,25,12,87,110.34,0,0,2,10,2,Sri Lanka
S Samarawickrama ,2017-2017,2017,2017,5,5,0,85,32,32,17,80,106.25,0,0,0,8,0,Sri Lanka
SL Malinga ,2006-2018,2006,2018,69,22,8,78,27,27,5.57,101,77.22,0,0,5,3,3,Sri Lanka
SMSM Senanayake ,2012-2016,2012,2016,24,12,6,56,17,17,9.33,66,84.84,0,0,2,3,1,Sri Lanka
SMA Priyanjan ,2017-2017,2017,2017,3,3,2,54,40*,40,54,62,87.09,0,0,0,1,2,Sri Lanka
CU Jayasinghe ,2009-2010,2009,2010,5,3,2,49,38,38,49,49,100,0,0,0,3,1,Sri Lanka
K Weeraratne ,2008-2009,2008,2009,5,5,2,49,20*,20,16.33,45,108.88,0,0,0,4,1,Sri Lanka
I Udana ,2009-2018,2009,2018,18,10,5,41,19*,19,8.2,36,113.88,0,0,2,4,1,Sri Lanka
KDK Vithanage ,2014-2016,2014,2016,3,3,0,40,38,38,13.33,34,117.64,0,0,0,7,0,Sri Lanka
MF Maharoof ,2006-2016,2006,2016,8,5,1,33,13*,13,8.25,43,76.74,0,0,1,0,1,Sri Lanka
RJMGM Rupasinghe ,2009-2009,2009,2009,2,2,0,33,18,18,16.5,39,84.61,0,0,0,2,0,Sri Lanka
WPUJC Vaas ,2006-2007,2006,2007,6,2,1,33,21,21,33,41,80.48,0,0,0,1,0,Sri Lanka
PVD Chameera ,2015-2018,2015,2018,19,10,6,31,12,12,7.75,40,77.5,0,0,2,3,0,Sri Lanka
A Dananjaya ,2012-2018,2012,2018,16,7,3,31,11*,11,7.75,36,86.11,0,0,0,3,0,Sri Lanka
SS Pathirana ,2016-2017,2016,2017,5,5,0,27,14,14,5.4,24,112.5,0,0,0,3,0,Sri Lanka
CRD Fernando ,2006-2016,2006,2016,18,7,2,25,21,21,5,27,92.59,0,0,2,4,0,Sri Lanka
PHKD Mendis ,2018-2018,2018,2018,1,1,0,24,24,24,24,14,171.42,0,0,0,3,1,Sri Lanka
PC de Silva ,2017-2017,2017,2017,2,2,0,22,21,21,11,22,100,0,0,0,1,0,Sri Lanka
JRMVB Sanjaya ,2017-2017,2017,2017,8,5,2,20,6,6,6.66,18,111.11,0,0,0,3,0,Sri Lanka
HGJM Kulatunga ,2008-2008,2008,2008,2,2,0,19,11,11,9.5,38,50,0,0,0,0,0,Sri Lanka
RLB Rambukwella ,2013-2016,2013,2016,2,1,0,19,19,19,19,16,118.75,0,0,0,1,1,Sri Lanka
LHD Dilhara ,2008-2008,2008,2008,2,1,1,18,18*,18,-,9,200,0,0,0,0,1,Sri Lanka
JDF Vandersay ,2015-2016,2015,2016,7,5,4,15,8*,8,15,17,88.23,0,0,0,2,0,Sri Lanka
SHT Kandamby ,2008-2011,2008,2011,5,4,0,13,10,10,3.25,21,61.9,0,0,1,0,0,Sri Lanka
HMCM Bandara ,2006-2009,2006,2009,4,3,1,12,7,7,6,15,80,0,0,0,0,0,Sri Lanka
KS Lokuarachchi ,2012-2012,2012,2012,2,2,0,11,11,11,5.5,13,84.61,0,0,1,1,0,Sri Lanka
B Fernando ,2015-2015,2015,2015,2,1,1,8,8*,8,-,12,66.66,0,0,0,1,0,Sri Lanka
HMRKB Herath ,2011-2016,2011,2016,17,6,3,8,3,3,2.66,12,66.66,0,0,0,0,0,Sri Lanka
S Randiv ,2010-2011,2010,2011,7,2,0,8,6,6,4,6,133.33,0,0,0,1,0,Sri Lanka
BAW Mendis ,2008-2014,2008,2014,39,8,5,8,4*,4,2.66,17,47.05,0,0,0,1,0,Sri Lanka
RP Arnold ,2006-2006,2006,2006,1,1,0,7,7,7,7,7,100,0,0,0,0,0,Sri Lanka
RAS Lakmal ,2011-2018,2011,2018,10,5,3,7,5*,5,3.5,8,87.5,0,0,1,1,0,Sri Lanka
RMS Eranga ,2012-2013,2012,2013,3,1,0,6,6,6,6,7,85.71,0,0,0,1,0,Sri Lanka
MS Atapattu ,2006-2006,2006,2006,2,1,0,5,5,5,5,8,62.5,0,0,0,0,0,Sri Lanka
AK Perera ,2013-2014,2013,2014,2,1,0,4,4,4,4,8,50,0,0,0,0,0,Sri Lanka
T Thushara ,2008-2010,2008,2010,6,2,0,4,3,3,2,8,50,0,0,0,0,0,Sri Lanka
ST de Silva ,2017-2017,2017,2017,3,2,0,3,3,3,1.5,7,42.85,0,0,1,0,0,Sri Lanka
CAK Rajitha ,2016-2018,2016,2018,4,2,2,3,3*,3,-,12,25,0,0,0,0,0,Sri Lanka
KMC Bandara ,2016-2016,2016,2016,1,1,1,2,2*,2,-,4,50,0,0,0,0,0,Sri Lanka
MVT Fernando ,2017-2017,2017,2017,1,1,0,2,2,2,2,2,100,0,0,0,0,0,Sri Lanka
UWMBCA Welegedara ,2010-2010,2010,2010,2,1,1,2,2*,2,-,3,66.66,0,0,0,0,0,Sri Lanka
M Muralitharan ,2006-2010,2006,2010,12,2,0,1,1,1,0.5,5,20,0,0,1,0,0,Sri Lanka
MDK Perera ,2011-2011,2011,2011,3,2,0,1,1,1,0.5,6,16.66,0,0,1,0,0,Sri Lanka
PADLR Sandakan ,2017-2018,2017,2018,5,1,1,1,1*,1,-,1,100,0,0,0,0,0,Sri Lanka
G Wijekoon ,2007-2007,2007,2007,3,2,1,1,1*,1,1,5,20,0,0,1,0,0,Sri Lanka
MA Aponso ,2018-2018,2018,2018,3,1,0,0,0,0,0,2,0,0,0,1,0,0,Sri Lanka
N Pradeep ,2016-2018,2016,2018,9,4,3,0,0*,0,0,6,0,0,0,1,0,0,Sri Lanka
PDRL Perera ,2006-2006,2006,2006,2,2,2,0,0*,0,-,0,-,0,0,0,0,0,Sri Lanka
SI de Saram ,2009-2009,2009,2009,1,-,-,-,-,-,-,-,-,-,-,-,-,-,Sri Lanka
DSK Madushanka ,2018-2018,2018,2018,2,-,-,-,-,-,-,-,-,-,-,-,-,-,Sri Lanka
KTGD Prasad ,2011-2011,2011,2011,1,-,-,-,-,-,-,-,-,-,-,-,-,-,Sri Lanka
M Pushpakumara ,2009-2009,2009,2009,1,-,-,-,-,-,-,-,-,-,-,-,-,-,Sri Lanka
H Masakadza ,2006-2018,2006,2018,58,58,2,1516,93*,93,27.07,1295,117.06,0,10,0,139,58,Zimbabwe
E Chigumbura ,2006-2018,2006,2018,53,52,9,823,54*,54,19.13,579,142.14,0,3,6,58,48,Zimbabwe
BRM Taylor ,2006-2018,2006,2018,30,30,5,660,75*,75,26.4,565,116.81,0,5,4,58,18,Zimbabwe
CJ Chibhabha ,2006-2018,2006,2018,33,32,0,621,67,67,19.4,570,108.94,0,5,3,72,12,Zimbabwe
MN Waller ,2011-2018,2011,2018,32,31,8,613,68,68,26.65,443,138.37,0,1,2,42,28,Zimbabwe
SC Williams ,2006-2018,2006,2018,26,26,2,563,58*,58,23.45,459,122.65,0,3,2,52,11,Zimbabwe
V Sibanda ,2007-2016,2007,2016,26,26,1,511,59,59,20.44,503,101.59,0,1,3,52,11,Zimbabwe
Sikandar Raza ,2013-2018,2013,2018,28,27,0,382,59,59,14.14,357,107,0,1,0,33,7,Zimbabwe
T Taibu ,2007-2012,2007,2012,17,15,6,259,45*,45,28.77,257,100.77,0,0,2,19,2,Zimbabwe
SF Mire ,2018-2018,2018,2018,7,7,0,249,94,94,35.57,192,129.68,0,2,0,22,13,Zimbabwe
PJ Moor ,2016-2018,2016,2018,16,14,3,238,44,44,21.63,195,122.05,0,0,0,11,16,Zimbabwe
CR Ervine ,2010-2015,2010,2015,16,15,0,229,42,42,15.26,287,79.79,0,0,1,21,2,Zimbabwe
R Mutumbami ,2015-2016,2015,2016,14,14,3,173,43,43,15.72,168,102.97,0,0,1,11,8,Zimbabwe
CK Coventry ,2010-2015,2010,2015,13,12,2,127,30,30,12.7,90,141.11,0,0,2,14,6,Zimbabwe
TK Musakanda ,2018-2018,2018,2018,6,6,0,98,43,43,16.33,80,122.5,0,0,2,7,2,Zimbabwe
P Utseya ,2006-2015,2006,2015,35,21,9,94,13*,13,7.83,115,81.73,0,0,3,6,1,Zimbabwe
T Maruma ,2008-2016,2008,2016,10,10,4,86,23*,23,14.33,83,103.61,0,0,1,6,3,Zimbabwe
S Matsikenyeri ,2006-2012,2006,2012,10,10,0,76,32,32,7.6,82,92.68,0,0,2,6,3,Zimbabwe
AG Cremer ,2008-2018,2008,2018,29,19,6,68,17,17,5.23,102,66.66,0,0,2,2,0,Zimbabwe
LM Jongwe ,2015-2016,2015,2016,8,7,0,60,34,34,8.57,65,92.3,0,0,2,4,1,Zimbabwe
N Madziva ,2015-2016,2015,2016,9,7,4,60,28*,28,20,50,120,0,0,1,4,3,Zimbabwe
RP Burl ,2018-2018,2018,2018,4,4,0,57,30,30,14.25,70,81.42,0,0,0,3,0,Zimbabwe
C Zhuwao ,2008-2018,2008,2018,7,7,0,48,24,24,6.85,66,72.72,0,0,4,7,1,Zimbabwe
KM Dabengwa ,2006-2010,2006,2010,8,7,3,46,16*,16,11.5,40,115,0,0,0,4,2,Zimbabwe
B Mavuta ,2018-2018,2018,2018,3,3,2,41,28,28,41,23,178.26,0,0,0,3,2,Zimbabwe
TS Chisoro ,2015-2018,2015,2018,12,6,2,40,14*,14,10,42,95.23,0,0,0,2,2,Zimbabwe
F Mutizwa ,2011-2012,2011,2012,3,3,0,38,22,22,12.66,36,105.55,0,0,1,3,0,Zimbabwe
GA Lamb ,2010-2010,2010,2010,5,4,2,32,14*,14,16,54,59.25,0,0,1,1,0,Zimbabwe
WP Masakadza ,2015-2018,2015,2018,9,6,3,25,6*,6,8.33,30,83.33,0,0,0,2,0,Zimbabwe
T Panyangara ,2013-2016,2013,2016,14,5,4,23,17*,17,23,17,135.29,0,0,0,1,2,Zimbabwe
RW Chakabva ,2008-2015,2008,2015,5,5,0,18,13,13,3.6,40,45,0,0,2,1,0,Zimbabwe
SW Masakadza ,2010-2013,2010,2013,7,5,1,18,9,9,4.5,24,75,0,0,1,1,0,Zimbabwe
CT Mutombodzi ,2013-2016,2013,2016,5,5,1,18,12*,12,4.5,24,75,0,0,1,1,0,Zimbabwe
CB Mpofu ,2008-2018,2008,2018,24,7,4,16,6*,6,5.33,30,53.33,0,0,2,0,1,Zimbabwe
TL Chatara ,2010-2018,2010,2018,13,2,0,15,8,8,7.5,17,88.23,0,0,0,1,0,Zimbabwe
RW Price ,2008-2012,2008,2012,16,9,4,15,7*,7,3,28,53.57,0,0,1,1,0,Zimbabwe
DT Tiripano ,2016-2018,2016,2018,9,5,2,15,11*,11,5,22,68.18,0,0,2,0,1,Zimbabwe
KM Jarvis ,2011-2018,2011,2018,14,7,2,10,9*,9,2,28,35.71,0,0,4,0,0,Zimbabwe
AM Blignaut ,2010-2010,2010,2010,1,1,0,8,8,8,8,8,100,0,0,0,1,0,Zimbabwe
BV Vitori ,2012-2016,2012,2016,11,2,2,8,7*,7,-,7,114.28,0,0,0,0,0,Zimbabwe
J Nyumbu ,2018-2018,2018,2018,2,2,2,7,6*,6,-,11,63.63,0,0,0,1,0,Zimbabwe
KO Meth ,2012-2012,2012,2012,2,1,1,6,6*,6,-,6,100,0,0,0,0,0,Zimbabwe
T Mupariwa ,2007-2008,2007,2008,4,2,2,5,3*,3,-,3,166.66,0,0,0,0,0,Zimbabwe
N M'shangwe (2013-2014),2013-2014,2013,2014,5,2,1,5,5*,5,5,4,125,0,0,1,1,0,Zimbabwe
GB Brent ,2006-2007,2006,2007,3,1,0,2,2,2,2,5,40,0,0,0,0,0,Zimbabwe
AJ Ireland ,2006-2006,2006,2006,1,1,1,2,2*,2,-,3,66.66,0,0,0,0,0,Zimbabwe
B Muzarabani ,2018-2018,2018,2018,6,3,2,1,1*,1,1,5,20,0,0,1,0,0,Zimbabwe
ML Nkala ,2006-2006,2006,2006,1,1,0,1,1,1,1,3,33.33,0,0,0,0,0,Zimbabwe
EC Rainsford ,2010-2010,2010,2010,2,1,1,1,1*,1,-,2,50,0,0,0,0,0,Zimbabwe
T Muzarabani ,2015-2016,2015,2016,9,1,1,0,0*,0,-,2,0,0,0,0,0,0,Zimbabwe
TP Kamungozi ,2014-2014,2014,2014,1,-,-,-,-,-,-,-,-,-,-,-,-,-,Zimbabwe
W Barresi ,2012-2018,2012,2018,38,37,5,764,75*,75,23.87,649,117.71,0,4,3,65,21,Netherlands
SJ Myburgh ,2012-2017,2012,2017,28,27,2,640,71*,71,25.6,519,123.31,0,5,5,73,21,Netherlands
PW Borren ,2008-2017,2008,2017,43,38,5,638,57,57,19.33,524,121.75,0,1,2,60,18,Netherlands
MR Swart ,2012-2016,2012,2016,26,25,2,621,89,89,27,537,115.64,0,4,1,53,16,Netherlands
BN Cooper ,2013-2018,2013,2018,30,27,5,457,66,66,20.77,392,116.58,0,2,4,40,16,Netherlands
TLW Cooper ,2012-2016,2012,2016,18,17,3,404,72*,72,28.85,306,132.02,0,2,2,38,16,Netherlands
AN Kervezee ,2009-2012,2009,2012,10,10,1,289,58*,58,32.11,262,110.3,0,2,0,19,6,Netherlands
RN ten Doeschate ,2008-2018,2008,2018,10,10,4,252,56,56,42,193,130.56,0,1,0,12,8,Netherlands
ES Szwarczynski ,2008-2013,2008,2013,14,12,1,233,45,45,21.18,243,95.88,0,0,0,22,2,Netherlands
MJG Rippon ,2013-2018,2013,2018,18,11,4,216,42,42,30.85,192,112.5,0,0,2,15,3,Netherlands
MP O'Dowd (2015-2018),2015-2018,2015,2018,12,11,2,164,39,39,18.22,137,119.7,0,0,0,14,3,Netherlands
TN de Grooth ,2008-2013,2008,2013,15,13,5,163,49,49,20.37,155,105.16,0,0,0,16,1,Netherlands
Mudassar Bukhari ,2008-2016,2008,2016,38,26,8,157,28*,28,8.72,152,103.28,0,0,1,10,4,Netherlands
RE van der Merwe ,2015-2018,2015,2018,12,10,3,154,40*,40,22,108,142.59,0,0,0,13,4,Netherlands
PM Seelaar ,2008-2018,2008,2018,44,20,5,136,36,36,9.06,138,98.55,0,0,1,9,1,Netherlands
B Zuiderent ,2009-2010,2009,2010,6,6,1,108,43*,43,21.6,124,87.09,0,0,0,8,1,Netherlands
TP Visee ,2015-2018,2015,2018,9,9,0,102,25,25,11.33,75,136,0,0,2,18,1,Netherlands
DLS van Bunge ,2008-2013,2008,2013,14,12,4,90,24,24,11.25,104,86.53,0,0,2,2,3,Netherlands
SA Edwards ,2018-2018,2018,2018,5,5,3,85,34*,34,42.5,54,157.4,0,0,0,9,2,Netherlands
DJ Reekers ,2008-2009,2008,2009,6,5,0,64,29,29,12.8,49,130.61,0,0,1,10,2,Netherlands
T van der Gugten ,2012-2018,2012,2018,27,9,3,58,13,13,9.66,52,111.53,0,0,1,1,3,Netherlands
TGJ Gruijters ,2012-2013,2012,2013,8,5,3,51,21*,21,25.5,47,108.51,0,0,0,3,1,Netherlands
BFW de Leede ,2018-2018,2018,2018,4,4,1,48,33,33,16,59,81.35,0,0,0,3,0,Netherlands
RI Ahmed ,2015-2015,2015,2015,2,2,0,38,25,25,19,50,76,0,0,0,2,0,Netherlands
PA van Meekeren ,2013-2018,2013,2018,23,6,0,33,18,18,5.5,28,117.85,0,0,2,0,3,Netherlands
Ahsan Malik ,2012-2017,2012,2017,31,8,5,28,11*,11,9.33,30,93.33,0,0,1,1,1,Netherlands
Sikander Zulfiqar ,2016-2018,2016,2018,5,4,1,23,9*,9,7.66,27,85.18,0,0,0,2,0,Netherlands
J Smits ,2008-2009,2008,2009,6,2,1,15,11*,11,15,27,55.55,0,0,0,0,0,Netherlands
S Snater ,2018-2018,2018,2018,4,2,0,8,6,6,4,7,114.28,0,0,0,0,0,Netherlands
E Schiferli ,2008-2010,2008,2010,7,3,1,7,5*,5,3.5,16,43.75,0,0,1,0,0,Netherlands
LV van Beek ,2014-2016,2014,2016,8,4,1,7,4*,4,2.33,15,46.66,0,0,0,0,0,Netherlands
DP Nannes ,2009-2009,2009,2009,2,1,0,6,6,6,6,7,85.71,0,0,0,0,0,Netherlands
FJ Klaassen ,2018-2018,2018,2018,5,2,1,2,1*,1,2,2,100,0,0,0,0,0,Netherlands
MBS Jonkman ,2010-2010,2010,2010,3,1,0,1,1,1,1,8,12.5,0,0,0,0,0,Netherlands
VJ Kingma ,2016-2016,2016,2016,1,1,0,1,1,1,1,4,25,0,0,0,0,0,Netherlands
Saqib Zulfiqar ,2018-2018,2018,2018,2,1,0,1,1,1,1,5,20,0,0,0,0,0,Netherlands
AF Buurman ,2010-2010,2010,2010,4,2,0,0,0,0,0,4,0,0,0,2,0,0,Netherlands
Mohammad Kashif ,2010-2010,2010,2010,3,1,1,0,0*,0,-,0,-,0,0,0,0,0,Netherlands
HJC Mol ,2008-2008,2008,2008,4,1,0,0,0,0,0,1,0,0,0,1,0,0,Netherlands
GMC Mol ,2008-2008,2008,2008,1,-,-,-,-,-,-,-,-,-,-,-,-,-,Netherlands
HC Overdijk ,2018-2018,2018,2018,1,-,-,-,-,-,-,-,-,-,-,-,-,-,Netherlands
JD Schoonheim ,2008-2008,2008,2008,1,-,-,-,-,-,-,-,-,-,-,-,-,-,Netherlands
MB van Schelven ,2015-2015,2015,2015,2,-,-,-,-,-,-,-,-,-,-,-,-,-,Netherlands
Babar Hayat ,2014-2017,2014,2017,24,24,4,541,122,122,27.05,433,124.94,1,2,2,45,20,Hong Kong
MS Chapman ,2014-2016,2014,2016,19,18,1,392,63*,63,23.05,347,112.96,0,1,0,34,9,Hong Kong
Nizakat Khan ,2014-2017,2014,2017,23,21,0,377,62,62,17.95,314,120.06,0,2,3,27,15,Hong Kong
Anshuman Rath ,2015-2017,2015,2017,20,19,2,321,44,44,18.88,344,93.31,0,0,1,31,2,Hong Kong
Tanwir Afzal ,2014-2016,2014,2016,21,18,2,219,56,56,13.68,173,126.58,0,1,4,9,15,Hong Kong
JJ Atkinson ,2014-2016,2014,2016,13,12,0,202,53,53,16.83,187,108.02,0,1,3,22,6,Hong Kong
Aizaz Khan ,2014-2017,2014,2017,23,20,7,186,31,31,14.3,176,105.68,0,0,2,17,4,Hong Kong
Waqas Barkat ,2014-2017,2014,2017,11,9,2,90,32,32,12.85,101,89.1,0,0,1,10,0,Hong Kong
Ehsan Khan ,2016-2017,2016,2017,4,3,2,81,42*,42,81,62,130.64,0,0,0,6,4,Hong Kong
KD Shah ,2014-2016,2014,2016,15,11,2,77,29,29,8.55,98,78.57,0,0,3,7,1,Hong Kong
Irfan Ahmed ,2014-2015,2014,2015,8,8,0,76,34,34,9.5,83,91.56,0,0,2,4,6,Hong Kong
Waqas Khan ,2014-2017,2014,2017,8,7,3,68,33*,33,17,89,76.4,0,0,1,3,2,Hong Kong
C Carter ,2015-2017,2015,2017,10,5,1,55,17,17,13.75,63,87.3,0,0,0,3,0,Hong Kong
Shahid Wasif ,2016-2017,2016,2017,4,4,2,49,40,40,24.5,33,148.48,0,0,0,3,1,Hong Kong
Haseeb Amjad ,2014-2016,2014,2016,18,10,6,45,12*,12,11.25,45,100,0,0,0,3,1,Hong Kong
Munir Dar ,2014-2014,2014,2014,2,2,0,39,36,36,19.5,33,118.18,0,0,0,3,1,Hong Kong
RJ Campbell ,2016-2016,2016,2016,3,3,0,36,27,27,12,47,76.59,0,0,1,6,0,Hong Kong
Nadeem Ahmed ,2014-2017,2014,2017,24,9,4,34,10,10,6.8,55,61.81,0,0,1,2,0,Hong Kong
Anas Khan ,2014-2014,2014,2014,1,1,1,21,21*,21,-,28,75,0,0,0,2,0,Hong Kong
Tanveer Ahmed ,2016-2017,2016,2017,5,2,1,7,7*,7,7,11,63.63,0,0,1,1,0,Hong Kong
Najeeb Amar ,2014-2014,2014,2014,1,1,0,2,2,2,2,9,22.22,0,0,0,0,0,Hong Kong
Ehsan Nawaz ,2014-2017,2014,2017,5,1,0,0,0,0,0,2,0,0,0,1,0,0,Hong Kong
A Mehmood ,2016-2016,2016,2016,2,1,1,0,0*,0,-,1,0,0,0,0,0,0,Hong Kong
A Vala ,2015-2017,2015,2017,9,9,1,139,34*,34,17.37,161,86.33,0,0,0,11,3,P.N.G.
S Bau ,2016-2017,2016,2017,6,6,1,116,30,30,23.2,106,109.43,0,0,1,4,5,P.N.G.
MD Dai ,2015-2017,2015,2017,9,8,0,105,31,31,13.12,128,82.03,0,0,0,4,0,P.N.G.
N Vanua ,2015-2017,2015,2017,9,8,4,102,28*,28,25.5,62,164.51,0,0,1,4,7,P.N.G.
TP Ura ,2015-2017,2015,2017,6,6,0,99,32,32,16.5,87,113.79,0,0,0,13,1,P.N.G.
CJA Amini ,2015-2016,2015,2016,6,5,1,90,37*,37,22.5,97,92.78,0,0,0,4,1,P.N.G.
L Siaka ,2015-2017,2015,2017,9,9,0,78,31,31,8.66,91,85.71,0,0,2,7,2,P.N.G.
JNT Vare ,2015-2017,2015,2017,8,7,0,68,38,38,9.71,71,95.77,0,0,0,4,0,P.N.G.
K Pala ,2015-2015,2015,2015,2,2,1,41,22*,22,41,30,136.66,0,0,0,4,2,P.N.G.
VV Morea ,2015-2017,2015,2017,5,5,0,35,19,19,7,44,79.54,0,0,1,4,0,P.N.G.
CA Soper ,2015-2017,2015,2017,5,3,2,18,8*,8,18,33,54.54,0,0,0,0,0,P.N.G.
JB Reva ,2015-2017,2015,2017,6,4,0,16,7,7,4,22,72.72,0,0,0,1,1,P.N.G.
N Pokana ,2016-2016,2016,2016,3,2,1,10,8*,8,10,17,58.82,0,0,0,0,0,P.N.G.
P Raho ,2016-2016,2016,2016,2,2,2,10,8*,8,-,6,166.66,0,0,0,0,1,P.N.G.
A Nao ,2017-2017,2017,2017,2,2,2,7,7*,7,-,4,175,0,0,0,1,0,P.N.G.
WT Gavera ,2015-2017,2015,2017,6,2,0,3,2,2,1.5,6,50,0,0,0,0,0,P.N.G.
H Hiri ,2016-2016,2016,2016,2,2,0,2,1,1,1,5,40,0,0,0,0,0,P.N.G.
L Nou ,2015-2015,2015,2015,3,1,1,2,2*,2,-,3,66.66,0,0,0,0,0,P.N.G.
D Bau ,2017-2017,2017,2017,1,-,-,-,-,-,-,-,-,-,-,-,-,-,P.N.G.
Tamim Iqbal ,2007-2018,2007,2018,71,71,5,1556,103*,103,23.57,1328,117.16,1,6,6,166,40,Bangladesh
Shakib Al Hasan ,2006-2018,2006,2018,72,72,9,1471,84,84,23.34,1196,122.99,0,8,5,152,32,Bangladesh
Mahmudullah ,2007-2018,2007,2018,76,69,15,1251,64*,64,23.16,1024,122.16,0,3,2,100,42,Bangladesh
Mushfiqur Rahim ,2006-2018,2006,2018,77,69,12,1138,72*,72,19.96,955,119.16,0,4,3,98,28,Bangladesh
Sabbir Rahman ,2014-2018,2014,2018,41,40,5,906,80,80,25.88,739,122.59,0,4,2,87,28,Bangladesh
Soumya Sarkar ,2015-2018,2015,2018,41,41,0,718,51,51,17.51,584,122.94,0,1,6,78,25,Bangladesh
Mohammad Ashraful ,2007-2013,2007,2013,23,23,0,450,65,65,19.56,356,126.4,0,2,2,48,11,Bangladesh
Liton Das ,2015-2018,2015,2018,18,18,0,391,61,61,21.72,279,140.14,0,2,1,32,19,Bangladesh
Mashrafe Mortaza ,2006-2017,2006,2017,54,39,11,377,36,36,13.46,277,136.1,0,0,6,28,23,Bangladesh
Nasir Hossain ,2011-2016,2011,2016,31,24,4,370,50*,50,18.5,326,113.49,0,2,2,30,7,Bangladesh
Anamul Haque ,2012-2015,2012,2015,13,13,2,355,58,58,32.27,301,117.94,0,1,1,38,12,Bangladesh
Aftab Ahmed ,2006-2010,2006,2010,11,11,1,228,62*,62,22.8,178,128.08,0,1,0,26,6,Bangladesh
Nazimuddin ,2007-2008,2007,2008,7,7,0,178,81,81,25.42,158,112.65,0,1,2,13,10,Bangladesh
Junaid Siddique ,2007-2012,2007,2012,7,7,0,159,71,71,22.71,108,147.22,0,1,1,16,7,Bangladesh
Naeem Islam ,2008-2013,2008,2013,10,10,1,130,28,28,14.44,114,114.03,0,0,0,8,7,Bangladesh
Imrul Kayes ,2010-2017,2010,2017,14,13,0,119,36,36,9.15,134,88.8,0,0,4,14,3,Bangladesh
Ziaur Rahman ,2012-2014,2012,2014,14,12,3,117,40*,40,13,91,128.57,0,0,3,3,10,Bangladesh
Mosaddek Hossain ,2016-2018,2016,2018,8,8,1,113,34*,34,16.14,115,98.26,0,0,1,8,3,Bangladesh
Mehidy Hasan Miraz ,2017-2018,2017,2018,13,11,2,94,19*,19,10.44,80,117.5,0,0,2,7,4,Bangladesh
Mohammad Saifuddin ,2017-2018,2017,2018,9,6,1,94,39*,39,18.8,88,106.81,0,0,0,7,3,Bangladesh
Mohammad Mithun ,2014-2018,2014,2018,13,9,0,90,47,47,10,96,93.75,0,0,2,7,3,Bangladesh
Shamsur Rahman ,2013-2014,2013,2014,9,8,0,86,53,53,10.75,85,101.17,0,1,2,12,1,Bangladesh
Nurul Hasan ,2016-2017,2016,2017,9,8,4,78,30*,30,19.5,63,123.8,0,0,1,9,0,Bangladesh
Farhad Reza ,2006-2014,2006,2014,13,9,0,72,19,19,8,88,81.81,0,0,1,4,2,Bangladesh
Mominul Haque ,2012-2014,2012,2014,6,4,1,60,26*,26,20,50,120,0,0,0,5,2,Bangladesh
Ariful Haque ,2018-2018,2018,2018,9,8,4,59,18*,18,14.75,61,96.72,0,0,1,4,0,Bangladesh
Abu Hider ,2016-2018,2016,2018,13,5,4,58,22*,22,58,43,134.88,0,0,0,5,4,Bangladesh
Alok Kapali ,2007-2011,2007,2011,7,7,2,57,19,19,11.4,85,67.05,0,0,2,3,1,Bangladesh
Sohag Gazi ,2012-2015,2012,2015,10,7,3,57,24,24,14.25,59,96.61,0,0,0,3,1,Bangladesh
Raqibul Hasan ,2008-2010,2008,2010,5,5,0,51,18,18,10.2,62,82.25,0,0,0,3,1,Bangladesh
Abdur Razzak ,2006-2014,2006,2014,34,20,10,41,9,9,4.1,74,55.4,0,0,5,1,0,Bangladesh
Shuvagata Hom ,2016-2016,2016,2016,5,4,2,35,16*,16,17.5,35,100,0,0,0,3,1,Bangladesh
Arafat Sunny ,2014-2016,2014,2016,10,6,3,34,10,10,11.33,30,113.33,0,0,0,3,1,Bangladesh
Jahurul Islam ,2010-2013,2010,2013,3,3,0,31,18,18,10.33,23,134.78,0,0,0,3,1,Bangladesh
Taskin Ahmed ,2014-2018,2014,2018,19,6,3,29,15*,15,9.66,31,93.54,0,0,1,3,1,Bangladesh
Mustafizur Rahman ,2015-2018,2015,2018,30,13,5,27,8,8,3.37,45,60,0,0,4,1,2,Bangladesh
Nadif Chowdhury ,2006-2007,2006,2007,3,3,0,27,12,12,9,23,117.39,0,0,0,2,0,Bangladesh
Shahriar Nafees ,2006-2006,2006,2006,1,1,0,25,25,25,25,17,147.05,0,0,0,3,1,Bangladesh
Rony Talukdar ,2015-2015,2015,2015,1,1,0,21,21,21,21,22,95.45,0,0,0,0,1,Bangladesh
Muktar Ali ,2016-2016,2016,2016,1,1,1,19,19*,19,-,15,126.66,0,0,0,1,1,Bangladesh
Shafiul Islam ,2010-2017,2010,2017,12,5,1,19,16,16,4.75,27,70.37,0,0,1,1,1,Bangladesh
Nazmul Islam ,2018-2018,2018,2018,13,4,3,18,7,7,18,17,105.88,0,0,0,2,0,Bangladesh
Rubel Hossain ,2009-2018,2009,2018,27,14,9,17,8*,8,3.4,30,56.66,0,0,4,1,0,Bangladesh
Mehrab Hossain jnr ,2008-2009,2008,2009,2,2,1,16,10,10,16,25,64,0,0,0,1,0,Bangladesh
Abul Hasan ,2012-2018,2012,2018,5,2,0,14,9,9,7,11,127.27,0,0,0,2,0,Bangladesh
Mohammad Rafique ,2006-2006,2006,2006,1,1,0,13,13,13,13,5,260,0,0,0,3,0,Bangladesh
Mahedi Hasan ,2018-2018,2018,2018,1,1,0,11,11,11,11,11,100,0,0,0,1,0,Bangladesh
Zakir Hasan ,2018-2018,2018,2018,1,1,0,10,10,10,10,9,111.11,0,0,0,1,0,Bangladesh
Elias Sunny ,2012-2012,2012,2012,7,4,2,9,5,5,4.5,9,100,0,0,0,1,0,Bangladesh
Shahadat Hossain ,2006-2013,2006,2013,6,5,3,8,4*,4,4,12,66.66,0,0,1,0,0,Bangladesh
Al-Amin Hossain ,2013-2016,2013,2016,25,5,3,7,5*,5,3.5,12,58.33,0,0,1,1,0,Bangladesh
Syed Rasel ,2007-2008,2007,2008,8,3,1,7,6,6,3.5,9,77.77,0,0,0,1,0,Bangladesh
Nazmus Sadat ,2006-2006,2006,2006,1,1,0,4,4,4,4,3,133.33,0,0,0,0,0,Bangladesh
Abu Jayed ,2018-2018,2018,2018,3,2,0,3,2,2,1.5,7,42.85,0,0,0,0,0,Bangladesh
Nazmul Hossain ,2009-2012,2009,2012,4,2,2,3,3*,3,-,15,20,0,0,0,0,0,Bangladesh
Dhiman Ghosh ,2008-2008,2008,2008,1,1,0,1,1,1,1,2,50,0,0,0,0,0,Bangladesh
Sohrawordi Shuvo ,2010-2010,2010,2010,1,1,1,1,1*,1,-,3,33.33,0,0,0,0,0,Bangladesh
Afif Hossain ,2018-2018,2018,2018,1,1,0,0,0,0,0,2,0,0,0,1,0,0,Bangladesh
Jubair Hossain ,2015-2015,2015,2015,1,-,-,-,-,-,-,-,-,-,-,-,-,-,Bangladesh
Mohammad Shahid ,2016-2016,2016,2016,1,-,-,-,-,-,-,-,-,-,-,-,-,-,Bangladesh
Robiul Islam ,2013-2013,2013,2013,1,-,-,-,-,-,-,-,-,-,-,-,-,-,Bangladesh
Sajedul Islam ,2013-2013,2013,2013,1,-,-,-,-,-,-,-,-,-,-,-,-,-,Bangladesh
Saqlain Sajib ,2016-2016,2016,2016,1,-,-,-,-,-,-,-,-,-,-,-,-,-,Bangladesh
Shaiman Anwar ,2014-2018,2014,2018,27,27,2,788,117*,117,31.52,660,119.39,1,4,1,62,31,U.A.E.
Rohan Mustafa ,2014-2018,2014,2018,25,24,1,411,77,77,17.86,344,119.47,0,2,3,43,15,U.A.E.
Muhammad Usman ,2016-2017,2016,2017,19,18,3,382,58,58,25.46,349,109.45,0,1,1,39,11,U.A.E.
Mohammad Shahzad ,2015-2017,2015,2017,20,20,2,281,52,52,15.61,239,117.57,0,1,2,25,11,U.A.E.
Amjad Javed ,2014-2017,2014,2017,22,18,3,271,76,76,18.06,242,111.98,0,1,1,17,15,U.A.E.
Rameez Shahzad ,2016-2018,2016,2018,9,9,2,218,49,49,31.14,189,115.34,0,0,1,17,6,U.A.E.
SP Patil ,2014-2016,2014,2016,18,13,0,187,37,37,14.38,218,85.77,0,0,3,16,4,U.A.E.
Mohammad Naveed ,2015-2018,2015,2018,23,19,9,164,27*,27,16.4,128,128.12,0,0,2,16,8,U.A.E.
Muhammad Kaleem ,2016-2016,2016,2016,9,9,0,97,50,50,10.77,116,83.62,0,1,1,9,3,U.A.E.
Faizan Asif ,2014-2015,2014,2015,6,6,0,80,28,28,13.33,64,125,0,0,0,9,3,U.A.E.
Khurram Khan ,2014-2014,2014,2014,3,3,0,73,31,31,24.33,73,100,0,0,0,8,0,U.A.E.
Ghulam Shabber ,2016-2018,2016,2018,9,6,2,58,20,20,14.5,50,116,0,0,0,5,2,U.A.E.
Amjad Ali ,2014-2015,2014,2015,5,5,1,42,20,20,10.5,52,80.76,0,0,0,6,0,U.A.E.
Ahmed Raza ,2014-2018,2014,2018,22,8,4,41,12,12,10.25,72,56.94,0,0,1,0,1,U.A.E.
Mohammed Qasim ,2016-2017,2016,2017,3,3,1,36,13*,13,18,51,70.58,0,0,0,2,0,U.A.E.
Abdul Shakoor ,2015-2015,2015,2015,4,3,1,28,20*,20,14,34,82.35,0,0,0,2,0,U.A.E.
Amjad Gul ,2015-2016,2015,2016,4,3,0,28,24,24,9.33,30,93.33,0,0,0,3,1,U.A.E.
Umair Ali ,2015-2015,2015,2015,3,3,2,22,13,13,22,18,122.22,0,0,0,2,1,U.A.E.
Kamran Shazad ,2014-2014,2014,2014,3,2,0,21,21,21,10.5,17,123.52,0,0,1,1,2,U.A.E.
Fahad Tariq ,2016-2016,2016,2016,6,5,1,19,16,16,4.75,24,79.16,0,0,2,1,1,U.A.E.
EHSN Silva ,2014-2014,2014,2014,2,2,1,16,13*,13,16,22,72.72,0,0,0,1,0,U.A.E.
Saqlain Haider ,2016-2016,2016,2016,6,5,1,14,7,7,3.5,35,40,0,0,0,0,0,U.A.E.
Chirag Suri ,2018-2018,2018,2018,1,1,0,13,13,13,13,20,65,0,0,0,1,0,U.A.E.
Usman Mushtaq ,2016-2016,2016,2016,3,2,1,13,9,9,13,24,54.16,0,0,0,1,0,U.A.E.
Fayyaz Ahmed ,2015-2015,2015,2015,1,1,0,11,11,11,11,12,91.66,0,0,0,2,0,U.A.E.
V Shetty ,2014-2014,2014,2014,2,2,1,11,10,10,11,13,84.61,0,0,0,1,0,U.A.E.
Adnan Mufti ,2017-2017,2017,2017,1,1,1,7,7*,7,-,7,100,0,0,0,0,0,U.A.E.
Qadeer Ahmed ,2015-2016,2015,2016,8,4,3,7,5*,5,7,12,58.33,0,0,1,1,0,U.A.E.
Farhan Ahmed ,2016-2016,2016,2016,3,1,0,4,4,4,4,8,50,0,0,0,0,0,U.A.E.
Mohammad Tauqir ,2015-2015,2015,2015,3,2,1,4,4,4,4,6,66.66,0,0,0,1,0,U.A.E.
AM Guruge ,2014-2015,2014,2015,5,3,2,3,1*,1,3,8,37.5,0,0,0,0,0,U.A.E.
Zaheer Maqsood ,2015-2016,2015,2016,3,1,0,2,2,2,2,5,40,0,0,0,0,0,U.A.E.
Muhammed Shanil ,2016-2016,2016,2016,1,1,1,1,1*,1,-,3,33.33,0,0,0,0,0,U.A.E.
Ashfaq Ahmed ,2018-2018,2018,2018,1,1,0,0,0,0,0,3,0,0,0,1,0,0,U.A.E.
L Sreekumar ,2017-2017,2017,2017,1,1,0,0,0,0,0,1,0,0,0,1,0,0,U.A.E.
Amir Hayat ,2018-2018,2018,2018,1,-,-,-,-,-,-,-,-,-,-,-,-,-,U.A.E.
Atif Ali Khan ,2016-2016,2016,2016,1,-,-,-,-,-,-,-,-,-,-,-,-,-,U.A.E.
Imran Haider ,2016-2018,2016,2018,6,-,-,-,-,-,-,-,-,-,-,-,-,-,U.A.E.
Nasir Aziz ,2015-2015,2015,2015,1,-,-,-,-,-,-,-,-,-,-,-,-,-,U.A.E.
Sharif Asadullah ,2014-2014,2014,2014,1,-,-,-,-,-,-,-,-,-,-,-,-,-,U.A.E.
Sultan Ahmed ,2017-2017,2017,2017,2,-,-,-,-,-,-,-,-,-,-,-,-,-,U.A.E.
Zahoor Khan ,2017-2018,2017,2018,4,-,-,-,-,-,-,-,-,-,-,-,-,-,U.A.E.
PR Stirling ,2009-2018,2009,2018,52,51,4,1181,81,81,25.12,869,135.9,0,8,7,143,39,Ireland
GC Wilson ,2008-2018,2008,2018,61,54,7,1095,65*,65,23.29,1035,105.79,0,3,4,96,18,Ireland
WTS Porterfield ,2008-2018,2008,2018,61,59,6,1079,72,72,20.35,971,111.12,0,3,5,120,23,Ireland
KJ O'Brien (2008-2018),2008-2018,2008,2018,67,60,10,775,42*,42,15.5,655,118.32,0,0,9,50,33,Ireland
NJ O'Brien (2008-2016),2008-2016,2008,2016,30,28,2,466,50,50,17.92,475,98.1,0,1,0,40,7,Ireland
EC Joyce ,2012-2014,2012,2014,16,14,3,404,78*,78,36.72,428,94.39,0,1,0,30,5,Ireland
DT Johnston ,2008-2013,2008,2013,30,19,7,249,62,62,20.75,184,135.32,0,1,1,13,11,Ireland
SR Thompson ,2014-2018,2014,2018,28,22,5,232,56,56,13.64,175,132.57,0,1,1,20,10,Ireland
JF Mooney ,2009-2015,2009,2015,27,23,9,231,31*,31,16.5,214,107.94,0,0,0,25,1,Ireland
AR Cusack ,2008-2015,2008,2015,37,21,6,229,65,65,15.26,177,129.37,0,1,1,17,6,Ireland
AD Poynter ,2012-2016,2012,2016,19,14,3,219,57,57,19.9,184,119.02,0,1,1,21,8,Ireland
A Balbirnie ,2015-2018,2015,2018,16,13,0,189,74,74,14.53,175,108,0,1,2,23,1,Ireland
SW Poynter ,2015-2018,2015,2018,19,16,2,170,39,39,12.14,162,104.93,0,0,0,17,3,Ireland
AR White ,2008-2012,2008,2012,18,12,6,137,29,29,22.83,128,107.03,0,0,0,12,2,Ireland
AC Botha ,2008-2010,2008,2010,14,11,1,130,38,38,13,141,92.19,0,0,2,12,1,Ireland
GH Dockrell ,2010-2018,2010,2018,54,21,8,125,22*,22,9.61,121,103.3,0,0,3,5,3,Ireland
Simi Singh ,2018-2018,2018,2018,8,8,1,123,57*,57,17.57,96,128.12,0,1,3,10,4,Ireland
JNK Shannon ,2013-2018,2013,2018,8,8,0,111,60,60,13.87,84,132.14,0,1,1,12,5,Ireland
MC Sorensen ,2012-2016,2012,2016,26,11,6,92,26,26,18.4,79,116.45,0,0,1,4,3,Ireland
GJ Thompson ,2016-2017,2016,2017,8,7,1,75,44,44,12.5,78,96.15,0,0,2,9,1,Ireland
AR McBrine ,2014-2017,2014,2017,19,11,5,73,14*,14,12.16,70,104.28,0,0,1,6,1,Ireland
WB Rankin ,2009-2018,2009,2018,28,9,5,53,16*,16,13.25,58,91.37,0,0,0,2,3,Ireland
DA Rankin ,2015-2016,2015,2016,2,2,0,49,34,34,24.5,54,90.74,0,0,0,3,2,Ireland
L Tucker ,2016-2017,2016,2017,4,4,0,43,16,16,10.75,42,102.38,0,0,0,4,1,Ireland
NG Jones ,2010-2012,2010,2012,5,4,2,42,14*,14,21,38,110.52,0,0,1,1,2,Ireland
TE Kane ,2015-2018,2015,2018,6,3,1,36,26*,26,18,23,156.52,0,0,0,5,0,Ireland
TJ Murtagh ,2012-2016,2012,2016,14,5,3,26,12*,12,13,25,104,0,0,0,0,1,Ireland
J Anderson ,2015-2015,2015,2015,4,2,0,12,9,9,6,18,66.66,0,0,0,1,0,Ireland
WK McCallan ,2008-2009,2008,2009,9,3,2,11,9*,9,11,15,73.33,0,0,1,1,0,Ireland
BJ McCarthy ,2017-2018,2017,2018,6,3,1,11,11*,11,5.5,7,157.14,0,0,2,0,1,Ireland
RM West ,2009-2009,2009,2009,5,4,1,11,8,8,3.66,11,100,0,0,0,1,0,Ireland
PKD Chase ,2018-2018,2018,2018,6,4,3,7,4,4,7,13,53.84,0,0,0,1,0,Ireland
J Mulder ,2016-2017,2016,2017,8,4,2,6,5*,5,3,11,54.54,0,0,1,0,0,Ireland
R Strydom ,2008-2008,2008,2008,4,2,1,6,5*,5,6,7,85.71,0,0,0,0,0,Ireland
PC Connell ,2008-2010,2008,2010,9,3,2,4,3*,3,4,7,57.14,0,0,1,0,0,Ireland
SP Terry ,2016-2016,2016,2016,1,1,0,4,4,4,4,6,66.66,0,0,0,0,0,Ireland
CA Young ,2015-2018,2015,2018,16,3,2,4,2*,2,4,7,57.14,0,0,0,0,0,Ireland
JP Bray ,2009-2009,2009,2009,2,2,0,2,2,2,1,17,11.76,0,0,1,0,0,Ireland
GE Kidd ,2010-2010,2010,2010,1,1,1,1,1*,1,-,1,100,0,0,0,0,0,Ireland
J Little ,2016-2018,2016,2018,4,3,1,1,1*,1,0.5,7,14.28,0,0,2,0,0,Ireland
RD McCann ,2012-2012,2012,2012,3,1,0,1,1,1,1,2,50,0,0,0,0,0,Ireland
PS Eaglestone ,2010-2010,2010,2010,1,-,-,-,-,-,-,-,-,-,-,-,-,-,Ireland
GJ McCarter ,2015-2015,2015,2015,3,-,-,-,-,-,-,-,-,-,-,-,-,-,Ireland
KJ Coetzer ,2008-2018,2008,2018,45,43,2,1035,70,70,25.24,856,120.91,0,3,2,106,32,Scotland
RD Berrington ,2008-2018,2008,2018,46,39,7,867,100,100,27.09,696,124.56,1,2,5,86,19,Scotland
CS MacLeod ,2009-2018,2009,2018,34,33,5,602,60,60,21.5,562,107.11,0,4,3,47,13,Scotland
MH Cross ,2013-2018,2013,2018,29,23,2,485,60,60,23.09,371,130.72,0,2,1,49,16,Scotland
HG Munsey ,2015-2018,2015,2018,23,21,2,461,71,71,24.26,324,142.28,0,2,4,67,11,Scotland
PL Mommsen ,2012-2016,2012,2016,24,19,7,419,68*,68,34.91,329,127.35,0,2,1,32,11,Scotland
MW Machan ,2013-2016,2013,2016,13,13,3,407,67*,67,40.7,318,127.98,0,3,0,37,7,Scotland
RR Watson ,2007-2010,2007,2010,10,9,0,159,54,54,17.66,141,112.76,0,1,1,22,1,Scotland
MA Leask ,2013-2018,2013,2018,20,13,1,158,58,58,13.16,133,118.79,0,1,1,11,8,Scotland
DF Watts ,2007-2012,2007,2012,11,9,0,137,46,46,15.22,127,107.87,0,0,2,13,3,Scotland
NS Poonia ,2007-2010,2007,2010,8,7,2,95,38*,38,19,108,87.96,0,0,2,3,1,Scotland
JH Stander ,2009-2012,2009,2012,11,11,2,94,45,45,10.44,90,104.44,0,0,3,6,4,Scotland
GM Hamilton ,2007-2010,2007,2010,12,8,0,90,32,32,11.25,110,81.81,0,0,0,6,1,Scotland
CD Wallace ,2012-2017,2012,2017,12,9,5,90,26*,26,22.5,79,113.92,0,0,0,9,0,Scotland
RML Taylor ,2013-2016,2013,2016,9,6,3,85,41*,41,28.33,58,146.55,0,0,0,6,4,Scotland
SM Sharif ,2012-2018,2012,2018,29,12,5,78,26,26,11.14,65,120,0,0,2,4,3,Scotland
NFI McCallum ,2007-2010,2007,2010,11,7,0,76,38,38,10.85,85,89.41,0,0,3,7,1,Scotland
RM Haq ,2007-2013,2007,2013,21,12,7,64,21*,21,12.8,96,66.66,0,0,1,2,1,Scotland
DE Budge ,2018-2018,2018,2018,6,4,2,60,24,24,30,59,101.69,0,0,0,2,3,Scotland
CJO Smith ,2007-2009,2007,2009,8,6,1,58,46*,46,11.6,54,107.4,0,0,3,6,0,Scotland
JH Davey ,2012-2017,2012,2017,14,7,2,55,24,24,11,43,127.9,0,0,0,3,2,Scotland
GD Drummond ,2008-2013,2008,2013,17,7,0,54,35,35,7.71,65,83.07,0,0,2,3,0,Scotland
MM Iqbal ,2012-2013,2012,2013,6,3,0,46,31,31,15.33,45,102.22,0,0,0,4,1,Scotland
R Flannigan ,2012-2012,2012,2012,4,4,1,38,18,18,12.66,33,115.15,0,0,1,4,0,Scotland
CD de Lange ,2015-2017,2015,2017,8,3,0,35,22,22,11.66,22,159.09,0,0,0,2,2,Scotland
D Murphy ,2013-2013,2013,2013,4,4,3,35,20,20,35,35,100,0,0,0,1,0,Scotland
JD Nel ,2007-2010,2007,2010,10,5,2,34,13*,13,11.33,25,136,0,0,1,3,1,Scotland
MRJ Watt ,2015-2018,2015,2018,23,7,3,32,11*,11,8,23,139.13,0,0,1,3,1,Scotland
G Goudie ,2010-2013,2010,2013,9,6,2,25,9*,9,6.25,20,125,0,0,0,2,1,Scotland
SJS Smith ,2010-2012,2010,2012,5,4,1,21,9,9,7,40,52.5,0,0,1,1,0,Scotland
CM Wright ,2007-2009,2007,2009,3,1,0,14,14,14,14,18,77.77,0,0,0,0,0,Scotland
FRJ Coleman ,2013-2013,2013,2013,1,1,0,9,9,9,9,13,69.23,0,0,0,1,0,Scotland
GA Rogers ,2008-2009,2008,2009,2,2,2,7,6*,6,-,8,87.5,0,0,0,0,0,Scotland
JAR Blain ,2007-2008,2007,2008,6,3,1,4,3*,3,2,5,80,0,0,1,0,0,Scotland
NM Carter ,2013-2013,2013,2013,7,2,0,4,3,3,2,12,33.33,0,0,0,0,0,Scotland
RT Lyons ,2010-2010,2010,2010,2,2,0,4,4,4,2,17,23.52,0,0,1,0,0,Scotland
CB Sole ,2017-2018,2017,2018,4,1,1,4,4*,4,-,2,200,0,0,0,1,0,Scotland
BTJ Wheal ,2016-2017,2016,2017,5,2,2,2,2*,2,-,2,100,0,0,0,0,0,Scotland
DR Brown ,2007-2007,2007,2007,2,1,0,1,1,1,1,5,20,0,0,0,0,0,Scotland
AC Evans ,2015-2018,2015,2018,16,5,1,1,1*,1,0.25,10,10,0,0,4,0,0,Scotland
I Wardlaw ,2013-2013,2013,2013,4,1,0,1,1,1,1,3,33.33,0,0,0,0,0,Scotland
GI Maiden ,2008-2008,2008,2008,3,1,0,0,0,0,0,1,0,0,0,1,0,0,Scotland
CG Burnett ,2013-2013,2013,2013,1,-,-,-,-,-,-,-,-,-,-,-,-,-,Scotland
Hamza Tahir ,2018-2018,2018,2018,3,-,-,-,-,-,-,-,-,-,-,-,-,-,Scotland
GT Main ,2015-2016,2015,2016,4,-,-,-,-,-,-,-,-,-,-,-,-,-,Scotland
MA Parker ,2012-2012,2012,2012,2,-,-,-,-,-,-,-,-,-,-,-,-,-,Scotland
SG Whittingham ,2018-2018,2018,2018,3,-,-,-,-,-,-,-,-,-,-,-,-,-,Scotland
Zeeshan Maqsood ,N/A,N/A,N/A,16,15,0,368,52,52,24.53,315,116.82,0,1,2,49,8,Oman
Adnan Ilyas ,N/A,N/A,N/A,12,11,0,258,54,54,23.45,218,118.34,0,1,0,16,8,Oman
Khawar Ali ,N/A,N/A,N/A,14,13,0,214,38,38,16.46,241,88.79,0,0,0,23,5,Oman
Jatinder Singh ,N/A,N/A,N/A,11,11,0,200,42,42,18.18,221,90.49,0,0,0,16,1,Oman
Aamir Kaleem ,N/A,N/A,N/A,11,10,2,161,46*,46,20.12,143,112.58,0,0,2,15,3,Oman
Aqib Ilyas ,N/A,N/A,N/A,9,9,2,129,56*,56,18.42,110,117.27,0,1,0,19,2,Oman
Sultan Ahmed ,N/A,N/A,N/A,17,12,3,104,37*,37,11.55,83,125.3,0,0,3,14,0,Oman
Amir Ali ,N/A,N/A,N/A,10,8,3,97,32*,32,19.4,65,149.23,0,0,0,11,2,Oman
AV Lalcheta ,N/A,N/A,N/A,14,8,2,87,20,20,14.5,66,131.81,0,0,0,9,3,Oman
Mehran Khan ,N/A,N/A,N/A,13,9,2,79,28*,28,11.28,74,106.75,0,0,0,4,4,Oman
Khurram Nawaz ,N/A,N/A,N/A,4,4,2,78,26*,26,39,69,113.04,0,0,0,4,3,Oman
Zeeshan Siddiqui ,N/A,N/A,N/A,5,5,1,60,33*,33,15,63,95.23,0,0,0,7,0,Oman
Naseem Khushi ,N/A,N/A,N/A,4,3,0,54,29,29,18,37,145.94,0,0,1,2,4,Oman
Mohammad Nadeem ,N/A,N/A,N/A,6,4,0,21,7,7,5.25,20,105,0,0,0,2,0,Oman
VS Wategaonkar ,N/A,N/A,N/A,2,1,0,14,14,14,14,14,100,0,0,0,1,0,Oman
Sufyan Mehmood ,N/A,N/A,N/A,2,1,1,13,13*,13,-,32,40.62,0,0,0,2,0,Oman
A Poulose ,N/A,N/A,N/A,3,3,0,9,9,9,3,14,64.28,0,0,2,2,0,Oman
M Ansari ,N/A,N/A,N/A,11,4,4,5,3*,3,-,10,50,0,0,0,0,0,Oman
Bilal Khan ,N/A,N/A,N/A,16,4,3,5,4*,4,5,5,100,0,0,1,1,0,Oman
RJ Ranpura ,N/A,N/A,N/A,3,2,2,5,5*,5,-,8,62.5,0,0,0,0,0,Oman
Kaleemullah ,N/A,N/A,N/A,4,1,0,0,0,0,0,1,0,0,0,1,0,0,Oman
Mohammad Shahzad ,2010-2018,2010,2018,65,65,3,1936,118*,118,31.22,1436,134.81,1,12,3,218,72,Afghanistan
Asghar Afghan ,2010-2018,2010,2018,56,51,4,1031,62,62,21.93,966,106.72,0,3,2,60,52,Afghanistan
Mohammad Nabi ,2010-2018,2010,2018,65,60,9,1014,89,89,19.88,719,141.02,0,2,4,66,56,Afghanistan
Samiullah Shinwari ,2010-2018,2010,2018,60,54,10,968,61,61,22,810,119.5,0,2,2,70,37,Afghanistan
Najibullah Zadran ,2012-2018,2012,2018,47,38,14,711,60*,60,29.62,496,143.34,0,2,1,46,37,Afghanistan
Karim Sadiq ,2010-2018,2010,2018,36,36,0,538,72,72,14.94,493,109.12,0,1,4,61,10,Afghanistan
Noor Ali Zadran ,2010-2017,2010,2017,20,20,1,506,63,63,26.63,497,101.81,0,3,1,45,6,Afghanistan
Nawroz Mangal ,2010-2017,2010,2017,32,32,4,505,65*,65,18.03,453,111.47,0,2,4,42,19,Afghanistan
Shafiqullah ,2010-2018,2010,2018,41,38,11,436,51*,51,16.14,300,145.33,0,1,5,31,27,Afghanistan
Gulbadin Naib ,2012-2018,2012,2018,38,31,9,432,56*,56,19.63,357,121,0,1,2,31,20,Afghanistan
Usman Ghani ,2015-2018,2015,2018,17,17,1,359,69,69,22.43,350,102.57,0,2,0,35,9,Afghanistan
Najeeb Tarakai ,2014-2017,2014,2017,9,9,0,216,90,90,24,166,130.12,0,1,1,19,10,Afghanistan
Hazratullah Zazai ,2016-2018,2016,2018,3,3,0,174,82,82,58,111,156.75,0,2,0,15,13,Afghanistan
Mirwais Ashraf ,2010-2016,2010,2016,25,19,8,128,28*,28,11.63,115,111.3,0,0,2,5,8,Afghanistan
Karim Janat ,2016-2018,2016,2018,14,8,1,109,25,25,15.57,103,105.82,0,0,1,6,6,Afghanistan
Rashid Khan ,2015-2018,2015,2018,34,15,7,107,33,33,13.37,85,125.88,0,0,3,8,7,Afghanistan
Raees Ahmadzai ,2010-2010,2010,2010,8,6,3,91,33*,33,30.33,84,108.33,0,0,0,5,1,Afghanistan
Dawlat Zadran ,2012-2017,2012,2017,33,16,7,68,13,13,7.55,42,161.9,0,0,3,4,6,Afghanistan
Hamid Hassan ,2010-2016,2010,2016,22,9,6,50,22,22,16.66,46,108.69,0,0,0,3,2,Afghanistan
Amir Hamza ,2013-2017,2013,2017,31,9,5,40,21,21,10,38,105.26,0,0,1,3,1,Afghanistan
Shapoor Zadran ,2010-2018,2010,2018,34,13,6,27,13,13,3.85,65,41.53,0,0,3,0,3,Afghanistan
Sharafuddin Ashraf ,2015-2018,2015,2018,6,2,0,19,18,18,9.5,18,105.55,0,0,0,1,1,Afghanistan
Shabir Noori ,2012-2012,2012,2012,1,1,0,15,15,15,15,18,83.33,0,0,0,1,0,Afghanistan
Afsar Zazai ,2013-2013,2013,2013,1,1,0,9,9,9,9,21,42.85,0,0,0,0,0,Afghanistan
Javed Ahmadi ,2012-2017,2012,2017,3,2,0,6,6,6,3,7,85.71,0,0,1,1,0,Afghanistan
Aftab Alam ,2012-2018,2012,2018,12,5,3,2,1*,1,1,9,22.22,0,0,1,0,0,Afghanistan
Dawlat Ahmadzai ,2010-2010,2010,2010,2,1,1,2,2*,2,-,3,66.66,0,0,0,0,0,Afghanistan
Hashmatullah Shahidi ,2013-2013,2013,2013,1,1,1,1,1*,1,-,1,100,0,0,0,0,0,Afghanistan
M Nasim Baras ,2015-2015,2015,2015,3,1,0,1,1,1,1,2,50,0,0,0,0,0,Afghanistan
Sayed Shirzad ,2015-2016,2015,2016,3,1,0,1,1,1,1,2,50,0,0,0,0,0,Afghanistan
Yamin Ahmadzai ,2015-2015,2015,2015,2,1,1,1,1*,1,-,1,100,0,0,0,0,0,Afghanistan
Izatullah Dawlatzai ,2012-2012,2012,2012,4,1,1,0,0*,0,-,3,0,0,0,0,0,0,Afghanistan
Mujeeb Ur Rahman ,2018-2018,2018,2018,7,2,2,0,0*,0,-,0,-,0,0,0,0,0,Afghanistan
Fareed Ahmad ,2016-2018,2016,2018,9,-,-,-,-,-,-,-,-,-,-,-,-,-,Afghanistan
Rokhan Barakzai ,2015-2015,2015,2015,3,-,-,-,-,-,-,-,-,-,-,-,-,-,Afghanistan
Zamir Khan ,2012-2012,2012,2012,1,-,-,-,-,-,-,-,-,-,-,-,-,-,Afghanistan